v,文件名,go/ast/ast.go,go/ast/ast.go
v,包,ast,ast
e,包含,ast,go/ast/ast.go,位置,8,line,8
v,文件名,go/ast/ast.go,go/ast/ast.go
v,包,go/token,go/token
e,依赖,go/ast/ast.go,go/token,位置,11,line,11
v,文件名,go/ast/ast.go,go/ast/ast.go
v,包,strings,strings
e,依赖,go/ast/ast.go,strings,位置,12,line,12
v,文件名,go/ast/ast.go,go/ast/ast.go
v,包,unicode,unicode
e,依赖,go/ast/ast.go,unicode,位置,13,line,13
v,文件名,go/ast/ast.go,go/ast/ast.go
v,包,unicode/utf8,unicode/utf8
e,依赖,go/ast/ast.go,unicode/utf8,位置,14,line,14
v,文件名,go/ast/ast.go,go/ast/ast.go
v,方法,Pos,Pos
e,方法定义,go/ast/ast.go,Pos,位置,36,line,36,access,public,signature,(),type,token.Pos,ntype,Node
v,文件名,go/ast/ast.go,go/ast/ast.go
v,方法,End,End
e,方法定义,go/ast/ast.go,End,位置,37,signature,(),type,token.Pos,ntype,Node,line,37,access,public
v,文件名,go/ast/ast.go,go/ast/ast.go
v,接口,Node,Node
e,接口定义,go/ast/ast.go,Node,位置,35,line,35,access,public,type,interface
v,文件名,go/ast/ast.go,go/ast/ast.go
v,unknown,Node,Node
e,unknown定义,go/ast/ast.go,Node,位置,42,line,42,access,public,ntype,Expr
v,文件名,go/ast/ast.go,go/ast/ast.go
v,方法,exprNode,exprNode
e,方法定义,go/ast/ast.go,exprNode,位置,43,line,43,access,private,signature,(),ntype,Expr
v,文件名,go/ast/ast.go,go/ast/ast.go
v,接口,Expr,Expr
e,接口定义,go/ast/ast.go,Expr,位置,41,line,41,access,public,type,interface
v,文件名,go/ast/ast.go,go/ast/ast.go
v,unknown,Node,Node
e,unknown定义,go/ast/ast.go,Node,位置,48,line,48,access,public,ntype,Stmt
v,文件名,go/ast/ast.go,go/ast/ast.go
v,方法,stmtNode,stmtNode
e,方法定义,go/ast/ast.go,stmtNode,位置,49,ntype,Stmt,line,49,access,private,signature,()
v,文件名,go/ast/ast.go,go/ast/ast.go
v,接口,Stmt,Stmt
e,接口定义,go/ast/ast.go,Stmt,位置,47,line,47,access,public,type,interface
v,文件名,go/ast/ast.go,go/ast/ast.go
v,unknown,Node,Node
e,unknown定义,go/ast/ast.go,Node,位置,54,line,54,access,public,ntype,Decl
v,文件名,go/ast/ast.go,go/ast/ast.go
v,方法,declNode,declNode
e,方法定义,go/ast/ast.go,declNode,位置,55,signature,(),ntype,Decl,line,55,access,private
v,文件名,go/ast/ast.go,go/ast/ast.go
v,接口,Decl,Decl
e,接口定义,go/ast/ast.go,Decl,位置,53,line,53,access,public,type,interface
v,文件名,go/ast/ast.go,go/ast/ast.go
v,字段,Slash,Slash
e,字段定义,go/ast/ast.go,Slash,位置,63,line,63,access,public,ctype,Comment,type,token.Pos
v,文件名,go/ast/ast.go,go/ast/ast.go
v,字段,Text,Text
e,字段定义,go/ast/ast.go,Text,位置,64,type,string,line,64,access,public,ctype,Comment
v,文件名,go/ast/ast.go,go/ast/ast.go
v,类型,Comment,Comment
e,类型定义,go/ast/ast.go,Comment,位置,62,line,62,access,public,type,struct
v,文件名,go/ast/ast.go,go/ast/ast.go
v,字段,List,List
e,字段定义,go/ast/ast.go,List,位置,74,line,74,access,public,ctype,CommentGroup,type,[]*Comment
v,文件名,go/ast/ast.go,go/ast/ast.go
v,类型,CommentGroup,CommentGroup
e,类型定义,go/ast/ast.go,CommentGroup,位置,73,line,73,access,public,type,struct
v,文件名,go/ast/ast.go,go/ast/ast.go
v,字段,Doc,Doc
e,字段定义,go/ast/ast.go,Doc,位置,158,line,158,access,public,ctype,Field,type,*CommentGroup
v,文件名,go/ast/ast.go,go/ast/ast.go
v,字段,Names,Names
e,字段定义,go/ast/ast.go,Names,位置,159,line,159,access,public,ctype,Field,type,[]*Ident
v,文件名,go/ast/ast.go,go/ast/ast.go
v,字段,Type,Type
e,字段定义,go/ast/ast.go,Type,位置,160,access,public,ctype,Field,type,Expr,line,160
v,文件名,go/ast/ast.go,go/ast/ast.go
v,字段,Tag,Tag
e,字段定义,go/ast/ast.go,Tag,位置,161,access,public,ctype,Field,type,*BasicLit,line,161
v,文件名,go/ast/ast.go,go/ast/ast.go
v,字段,Comment,Comment
e,字段定义,go/ast/ast.go,Comment,位置,162,ctype,Field,type,*CommentGroup,line,162,access,public
v,文件名,go/ast/ast.go,go/ast/ast.go
v,类型,Field,Field
e,类型定义,go/ast/ast.go,Field,位置,157,line,157,access,public,type,struct
v,文件名,go/ast/ast.go,go/ast/ast.go
v,字段,Opening,Opening
e,字段定义,go/ast/ast.go,Opening,位置,181,access,public,ctype,FieldList,type,token.Pos,line,181
v,文件名,go/ast/ast.go,go/ast/ast.go
v,字段,List,List
e,字段定义,go/ast/ast.go,List,位置,182,line,182,access,public,ctype,FieldList,type,[]*Field
v,文件名,go/ast/ast.go,go/ast/ast.go
v,字段,Closing,Closing
e,字段定义,go/ast/ast.go,Closing,位置,183,type,token.Pos,line,183,access,public,ctype,FieldList
v,文件名,go/ast/ast.go,go/ast/ast.go
v,类型,FieldList,FieldList
e,类型定义,go/ast/ast.go,FieldList,位置,180,line,180,access,public,type,struct
v,文件名,go/ast/ast.go,go/ast/ast.go
v,字段,From,From
e,字段定义,go/ast/ast.go,From,位置,234,access,public,ctype,BadExpr,type,token.Pos,line,234
v,文件名,go/ast/ast.go,go/ast/ast.go
v,字段,To,To
e,字段定义,go/ast/ast.go,To,位置,234,type,token.Pos,line,234,access,public,ctype,BadExpr
v,文件名,go/ast/ast.go,go/ast/ast.go
v,类型,BadExpr,BadExpr
e,类型定义,go/ast/ast.go,BadExpr,位置,233,line,233,access,public,type,struct
v,文件名,go/ast/ast.go,go/ast/ast.go
v,字段,NamePos,NamePos
e,字段定义,go/ast/ast.go,NamePos,位置,239,line,239,access,public,ctype,Ident,type,token.Pos
v,文件名,go/ast/ast.go,go/ast/ast.go
v,字段,Name,Name
e,字段定义,go/ast/ast.go,Name,位置,240,line,240,access,public,ctype,Ident,type,string
v,文件名,go/ast/ast.go,go/ast/ast.go
v,字段,Obj,Obj
e,字段定义,go/ast/ast.go,Obj,位置,241,access,public,ctype,Ident,type,*Object,line,241
v,文件名,go/ast/ast.go,go/ast/ast.go
v,类型,Ident,Ident
e,类型定义,go/ast/ast.go,Ident,位置,238,type,struct,line,238,access,public
v,文件名,go/ast/ast.go,go/ast/ast.go
v,字段,Ellipsis,Ellipsis
e,字段定义,go/ast/ast.go,Ellipsis,位置,248,line,248,access,public,ctype,Ellipsis,type,token.Pos
v,文件名,go/ast/ast.go,go/ast/ast.go
v,字段,Elt,Elt
e,字段定义,go/ast/ast.go,Elt,位置,249,ctype,Ellipsis,type,Expr,line,249,access,public
v,文件名,go/ast/ast.go,go/ast/ast.go
v,类型,Ellipsis,Ellipsis
e,类型定义,go/ast/ast.go,Ellipsis,位置,247,line,247,access,public,type,struct
v,文件名,go/ast/ast.go,go/ast/ast.go
v,字段,ValuePos,ValuePos
e,字段定义,go/ast/ast.go,ValuePos,位置,254,line,254,access,public,ctype,BasicLit,type,token.Pos
v,文件名,go/ast/ast.go,go/ast/ast.go
v,字段,Kind,Kind
e,字段定义,go/ast/ast.go,Kind,位置,255,line,255,access,public,ctype,BasicLit,type,token.Token
v,文件名,go/ast/ast.go,go/ast/ast.go
v,字段,Value,Value
e,字段定义,go/ast/ast.go,Value,位置,256,ctype,BasicLit,type,string,line,256,access,public
v,文件名,go/ast/ast.go,go/ast/ast.go
v,类型,BasicLit,BasicLit
e,类型定义,go/ast/ast.go,BasicLit,位置,253,line,253,access,public,type,struct
v,文件名,go/ast/ast.go,go/ast/ast.go
v,字段,Type,Type
e,字段定义,go/ast/ast.go,Type,位置,261,line,261,access,public,ctype,FuncLit,type,*FuncType
v,文件名,go/ast/ast.go,go/ast/ast.go
v,字段,Body,Body
e,字段定义,go/ast/ast.go,Body,位置,262,line,262,access,public,ctype,FuncLit,type,*BlockStmt
v,文件名,go/ast/ast.go,go/ast/ast.go
v,类型,FuncLit,FuncLit
e,类型定义,go/ast/ast.go,FuncLit,位置,260,line,260,access,public,type,struct
v,文件名,go/ast/ast.go,go/ast/ast.go
v,字段,Type,Type
e,字段定义,go/ast/ast.go,Type,位置,267,access,public,ctype,CompositeLit,type,Expr,line,267
v,文件名,go/ast/ast.go,go/ast/ast.go
v,字段,Lbrace,Lbrace
e,字段定义,go/ast/ast.go,Lbrace,位置,268,line,268,access,public,ctype,CompositeLit,type,token.Pos
v,文件名,go/ast/ast.go,go/ast/ast.go
v,字段,Elts,Elts
e,字段定义,go/ast/ast.go,Elts,位置,269,line,269,access,public,ctype,CompositeLit,type,[]Expr
v,文件名,go/ast/ast.go,go/ast/ast.go
v,字段,Rbrace,Rbrace
e,字段定义,go/ast/ast.go,Rbrace,位置,270,type,token.Pos,line,270,access,public,ctype,CompositeLit
v,文件名,go/ast/ast.go,go/ast/ast.go
v,类型,CompositeLit,CompositeLit
e,类型定义,go/ast/ast.go,CompositeLit,位置,266,line,266,access,public,type,struct
v,文件名,go/ast/ast.go,go/ast/ast.go
v,字段,Lparen,Lparen
e,字段定义,go/ast/ast.go,Lparen,位置,275,line,275,access,public,ctype,ParenExpr,type,token.Pos
v,文件名,go/ast/ast.go,go/ast/ast.go
v,字段,X,X
e,字段定义,go/ast/ast.go,X,位置,276,line,276,access,public,ctype,ParenExpr,type,Expr
v,文件名,go/ast/ast.go,go/ast/ast.go
v,字段,Rparen,Rparen
e,字段定义,go/ast/ast.go,Rparen,位置,277,line,277,access,public,ctype,ParenExpr,type,token.Pos
v,文件名,go/ast/ast.go,go/ast/ast.go
v,类型,ParenExpr,ParenExpr
e,类型定义,go/ast/ast.go,ParenExpr,位置,274,line,274,access,public,type,struct
v,文件名,go/ast/ast.go,go/ast/ast.go
v,字段,X,X
e,字段定义,go/ast/ast.go,X,位置,282,line,282,access,public,ctype,SelectorExpr,type,Expr
v,文件名,go/ast/ast.go,go/ast/ast.go
v,字段,Sel,Sel
e,字段定义,go/ast/ast.go,Sel,位置,283,line,283,access,public,ctype,SelectorExpr,type,*Ident
v,文件名,go/ast/ast.go,go/ast/ast.go
v,类型,SelectorExpr,SelectorExpr
e,类型定义,go/ast/ast.go,SelectorExpr,位置,281,type,struct,line,281,access,public
v,文件名,go/ast/ast.go,go/ast/ast.go
v,字段,X,X
e,字段定义,go/ast/ast.go,X,位置,288,line,288,access,public,ctype,IndexExpr,type,Expr
v,文件名,go/ast/ast.go,go/ast/ast.go
v,字段,Lbrack,Lbrack
e,字段定义,go/ast/ast.go,Lbrack,位置,289,line,289,access,public,ctype,IndexExpr,type,token.Pos
v,文件名,go/ast/ast.go,go/ast/ast.go
v,字段,Index,Index
e,字段定义,go/ast/ast.go,Index,位置,290,line,290,access,public,ctype,IndexExpr,type,Expr
v,文件名,go/ast/ast.go,go/ast/ast.go
v,字段,Rbrack,Rbrack
e,字段定义,go/ast/ast.go,Rbrack,位置,291,line,291,access,public,ctype,IndexExpr,type,token.Pos
v,文件名,go/ast/ast.go,go/ast/ast.go
v,类型,IndexExpr,IndexExpr
e,类型定义,go/ast/ast.go,IndexExpr,位置,287,line,287,access,public,type,struct
v,文件名,go/ast/ast.go,go/ast/ast.go
v,字段,X,X
e,字段定义,go/ast/ast.go,X,位置,296,access,public,ctype,SliceExpr,type,Expr,line,296
v,文件名,go/ast/ast.go,go/ast/ast.go
v,字段,Lbrack,Lbrack
e,字段定义,go/ast/ast.go,Lbrack,位置,297,ctype,SliceExpr,type,token.Pos,line,297,access,public
v,文件名,go/ast/ast.go,go/ast/ast.go
v,字段,Low,Low
e,字段定义,go/ast/ast.go,Low,位置,298,ctype,SliceExpr,type,Expr,line,298,access,public
v,文件名,go/ast/ast.go,go/ast/ast.go
v,字段,High,High
e,字段定义,go/ast/ast.go,High,位置,299,type,Expr,line,299,access,public,ctype,SliceExpr
v,文件名,go/ast/ast.go,go/ast/ast.go
v,字段,Max,Max
e,字段定义,go/ast/ast.go,Max,位置,300,line,300,access,public,ctype,SliceExpr,type,Expr
v,文件名,go/ast/ast.go,go/ast/ast.go
v,字段,Slice3,Slice3
e,字段定义,go/ast/ast.go,Slice3,位置,301,line,301,access,public,ctype,SliceExpr,type,bool
v,文件名,go/ast/ast.go,go/ast/ast.go
v,字段,Rbrack,Rbrack
e,字段定义,go/ast/ast.go,Rbrack,位置,302,line,302,access,public,ctype,SliceExpr,type,token.Pos
v,文件名,go/ast/ast.go,go/ast/ast.go
v,类型,SliceExpr,SliceExpr
e,类型定义,go/ast/ast.go,SliceExpr,位置,295,line,295,access,public,type,struct
v,文件名,go/ast/ast.go,go/ast/ast.go
v,字段,X,X
e,字段定义,go/ast/ast.go,X,位置,309,line,309,access,public,ctype,TypeAssertExpr,type,Expr
v,文件名,go/ast/ast.go,go/ast/ast.go
v,字段,Lparen,Lparen
e,字段定义,go/ast/ast.go,Lparen,位置,310,line,310,access,public,ctype,TypeAssertExpr,type,token.Pos
v,文件名,go/ast/ast.go,go/ast/ast.go
v,字段,Type,Type
e,字段定义,go/ast/ast.go,Type,位置,311,type,Expr,line,311,access,public,ctype,TypeAssertExpr
v,文件名,go/ast/ast.go,go/ast/ast.go
v,字段,Rparen,Rparen
e,字段定义,go/ast/ast.go,Rparen,位置,312,line,312,access,public,ctype,TypeAssertExpr,type,token.Pos
v,文件名,go/ast/ast.go,go/ast/ast.go
v,类型,TypeAssertExpr,TypeAssertExpr
e,类型定义,go/ast/ast.go,TypeAssertExpr,位置,308,line,308,access,public,type,struct
v,文件名,go/ast/ast.go,go/ast/ast.go
v,字段,Fun,Fun
e,字段定义,go/ast/ast.go,Fun,位置,317,line,317,access,public,ctype,CallExpr,type,Expr
v,文件名,go/ast/ast.go,go/ast/ast.go
v,字段,Lparen,Lparen
e,字段定义,go/ast/ast.go,Lparen,位置,318,line,318,access,public,ctype,CallExpr,type,token.Pos
v,文件名,go/ast/ast.go,go/ast/ast.go
v,字段,Args,Args
e,字段定义,go/ast/ast.go,Args,位置,319,line,319,access,public,ctype,CallExpr,type,[]Expr
v,文件名,go/ast/ast.go,go/ast/ast.go
v,字段,Ellipsis,Ellipsis
e,字段定义,go/ast/ast.go,Ellipsis,位置,320,line,320,access,public,ctype,CallExpr,type,token.Pos
v,文件名,go/ast/ast.go,go/ast/ast.go
v,字段,Rparen,Rparen
e,字段定义,go/ast/ast.go,Rparen,位置,321,line,321,access,public,ctype,CallExpr,type,token.Pos
v,文件名,go/ast/ast.go,go/ast/ast.go
v,类型,CallExpr,CallExpr
e,类型定义,go/ast/ast.go,CallExpr,位置,316,line,316,access,public,type,struct
v,文件名,go/ast/ast.go,go/ast/ast.go
v,字段,Star,Star
e,字段定义,go/ast/ast.go,Star,位置,328,ctype,StarExpr,type,token.Pos,line,328,access,public
v,文件名,go/ast/ast.go,go/ast/ast.go
v,字段,X,X
e,字段定义,go/ast/ast.go,X,位置,329,access,public,ctype,StarExpr,type,Expr,line,329
v,文件名,go/ast/ast.go,go/ast/ast.go
v,类型,StarExpr,StarExpr
e,类型定义,go/ast/ast.go,StarExpr,位置,327,line,327,access,public,type,struct
v,文件名,go/ast/ast.go,go/ast/ast.go
v,字段,OpPos,OpPos
e,字段定义,go/ast/ast.go,OpPos,位置,336,line,336,access,public,ctype,UnaryExpr,type,token.Pos
v,文件名,go/ast/ast.go,go/ast/ast.go
v,字段,Op,Op
e,字段定义,go/ast/ast.go,Op,位置,337,line,337,access,public,ctype,UnaryExpr,type,token.Token
v,文件名,go/ast/ast.go,go/ast/ast.go
v,字段,X,X
e,字段定义,go/ast/ast.go,X,位置,338,line,338,access,public,ctype,UnaryExpr,type,Expr
v,文件名,go/ast/ast.go,go/ast/ast.go
v,类型,UnaryExpr,UnaryExpr
e,类型定义,go/ast/ast.go,UnaryExpr,位置,335,line,335,access,public,type,struct
v,文件名,go/ast/ast.go,go/ast/ast.go
v,字段,X,X
e,字段定义,go/ast/ast.go,X,位置,343,line,343,access,public,ctype,BinaryExpr,type,Expr
v,文件名,go/ast/ast.go,go/ast/ast.go
v,字段,OpPos,OpPos
e,字段定义,go/ast/ast.go,OpPos,位置,344,line,344,access,public,ctype,BinaryExpr,type,token.Pos
v,文件名,go/ast/ast.go,go/ast/ast.go
v,字段,Op,Op
e,字段定义,go/ast/ast.go,Op,位置,345,line,345,access,public,ctype,BinaryExpr,type,token.Token
v,文件名,go/ast/ast.go,go/ast/ast.go
v,字段,Y,Y
e,字段定义,go/ast/ast.go,Y,位置,346,type,Expr,line,346,access,public,ctype,BinaryExpr
v,文件名,go/ast/ast.go,go/ast/ast.go
v,类型,BinaryExpr,BinaryExpr
e,类型定义,go/ast/ast.go,BinaryExpr,位置,342,access,public,type,struct,line,342
v,文件名,go/ast/ast.go,go/ast/ast.go
v,字段,Key,Key
e,字段定义,go/ast/ast.go,Key,位置,353,line,353,access,public,ctype,KeyValueExpr,type,Expr
v,文件名,go/ast/ast.go,go/ast/ast.go
v,字段,Colon,Colon
e,字段定义,go/ast/ast.go,Colon,位置,354,line,354,access,public,ctype,KeyValueExpr,type,token.Pos
v,文件名,go/ast/ast.go,go/ast/ast.go
v,字段,Value,Value
e,字段定义,go/ast/ast.go,Value,位置,355,type,Expr,line,355,access,public,ctype,KeyValueExpr
v,文件名,go/ast/ast.go,go/ast/ast.go
v,类型,KeyValueExpr,KeyValueExpr
e,类型定义,go/ast/ast.go,KeyValueExpr,位置,352,line,352,access,public,type,struct
v,文件名,go/ast/ast.go,go/ast/ast.go
v,类型,ChanDir,ChanDir
e,类型定义,go/ast/ast.go,ChanDir,位置,362,line,362,access,public,type,int
v,文件名,go/ast/ast.go,go/ast/ast.go
v,常量,SEND,SEND
e,常量定义,go/ast/ast.go,SEND,位置,365,line,365,access,public,type,ChanDir
v,文件名,go/ast/ast.go,go/ast/ast.go
v,常量,RECV,RECV
e,常量定义,go/ast/ast.go,RECV,位置,366,line,366,access,public
v,文件名,go/ast/ast.go,go/ast/ast.go
v,字段,Lbrack,Lbrack
e,字段定义,go/ast/ast.go,Lbrack,位置,376,line,376,access,public,ctype,ArrayType,type,token.Pos
v,文件名,go/ast/ast.go,go/ast/ast.go
v,字段,Len,Len
e,字段定义,go/ast/ast.go,Len,位置,377,access,public,ctype,ArrayType,type,Expr,line,377
v,文件名,go/ast/ast.go,go/ast/ast.go
v,字段,Elt,Elt
e,字段定义,go/ast/ast.go,Elt,位置,378,line,378,access,public,ctype,ArrayType,type,Expr
v,文件名,go/ast/ast.go,go/ast/ast.go
v,类型,ArrayType,ArrayType
e,类型定义,go/ast/ast.go,ArrayType,位置,375,access,public,type,struct,line,375
v,文件名,go/ast/ast.go,go/ast/ast.go
v,字段,Struct,Struct
e,字段定义,go/ast/ast.go,Struct,位置,383,line,383,access,public,ctype,StructType,type,token.Pos
v,文件名,go/ast/ast.go,go/ast/ast.go
v,字段,Fields,Fields
e,字段定义,go/ast/ast.go,Fields,位置,384,type,*FieldList,line,384,access,public,ctype,StructType
v,文件名,go/ast/ast.go,go/ast/ast.go
v,字段,Incomplete,Incomplete
e,字段定义,go/ast/ast.go,Incomplete,位置,385,line,385,access,public,ctype,StructType,type,bool
v,文件名,go/ast/ast.go,go/ast/ast.go
v,类型,StructType,StructType
e,类型定义,go/ast/ast.go,StructType,位置,382,line,382,access,public,type,struct
v,文件名,go/ast/ast.go,go/ast/ast.go
v,字段,Func,Func
e,字段定义,go/ast/ast.go,Func,位置,392,access,public,ctype,FuncType,type,token.Pos,line,392
v,文件名,go/ast/ast.go,go/ast/ast.go
v,字段,Params,Params
e,字段定义,go/ast/ast.go,Params,位置,393,line,393,access,public,ctype,FuncType,type,*FieldList
v,文件名,go/ast/ast.go,go/ast/ast.go
v,字段,Results,Results
e,字段定义,go/ast/ast.go,Results,位置,394,line,394,access,public,ctype,FuncType,type,*FieldList
v,文件名,go/ast/ast.go,go/ast/ast.go
v,类型,FuncType,FuncType
e,类型定义,go/ast/ast.go,FuncType,位置,391,line,391,access,public,type,struct
v,文件名,go/ast/ast.go,go/ast/ast.go
v,字段,Interface,Interface
e,字段定义,go/ast/ast.go,Interface,位置,399,line,399,access,public,ctype,InterfaceType,type,token.Pos
v,文件名,go/ast/ast.go,go/ast/ast.go
v,字段,Methods,Methods
e,字段定义,go/ast/ast.go,Methods,位置,400,line,400,access,public,ctype,InterfaceType,type,*FieldList
v,文件名,go/ast/ast.go,go/ast/ast.go
v,字段,Incomplete,Incomplete
e,字段定义,go/ast/ast.go,Incomplete,位置,401,line,401,access,public,ctype,InterfaceType,type,bool
v,文件名,go/ast/ast.go,go/ast/ast.go
v,类型,InterfaceType,InterfaceType
e,类型定义,go/ast/ast.go,InterfaceType,位置,398,access,public,type,struct,line,398
v,文件名,go/ast/ast.go,go/ast/ast.go
v,字段,Map,Map
e,字段定义,go/ast/ast.go,Map,位置,406,access,public,ctype,MapType,type,token.Pos,line,406
v,文件名,go/ast/ast.go,go/ast/ast.go
v,字段,Key,Key
e,字段定义,go/ast/ast.go,Key,位置,407,access,public,ctype,MapType,type,Expr,line,407
v,文件名,go/ast/ast.go,go/ast/ast.go
v,字段,Value,Value
e,字段定义,go/ast/ast.go,Value,位置,408,access,public,ctype,MapType,type,Expr,line,408
v,文件名,go/ast/ast.go,go/ast/ast.go
v,类型,MapType,MapType
e,类型定义,go/ast/ast.go,MapType,位置,405,line,405,access,public,type,struct
v,文件名,go/ast/ast.go,go/ast/ast.go
v,字段,Begin,Begin
e,字段定义,go/ast/ast.go,Begin,位置,413,line,413,access,public,ctype,ChanType,type,token.Pos
v,文件名,go/ast/ast.go,go/ast/ast.go
v,字段,Arrow,Arrow
e,字段定义,go/ast/ast.go,Arrow,位置,414,line,414,access,public,ctype,ChanType,type,token.Pos
v,文件名,go/ast/ast.go,go/ast/ast.go
v,字段,Dir,Dir
e,字段定义,go/ast/ast.go,Dir,位置,415,line,415,access,public,ctype,ChanType,type,ChanDir
v,文件名,go/ast/ast.go,go/ast/ast.go
v,字段,Value,Value
e,字段定义,go/ast/ast.go,Value,位置,416,line,416,access,public,ctype,ChanType,type,Expr
v,文件名,go/ast/ast.go,go/ast/ast.go
v,类型,ChanType,ChanType
e,类型定义,go/ast/ast.go,ChanType,位置,412,line,412,access,public,type,struct
v,文件名,go/ast/ast.go,go/ast/ast.go
v,字段,From,From
e,字段定义,go/ast/ast.go,From,位置,555,line,555,access,public,ctype,BadStmt,type,token.Pos
v,文件名,go/ast/ast.go,go/ast/ast.go
v,字段,To,To
e,字段定义,go/ast/ast.go,To,位置,555,type,token.Pos,line,555,access,public,ctype,BadStmt
v,文件名,go/ast/ast.go,go/ast/ast.go
v,类型,BadStmt,BadStmt
e,类型定义,go/ast/ast.go,BadStmt,位置,554,access,public,type,struct,line,554
v,文件名,go/ast/ast.go,go/ast/ast.go
v,字段,Decl,Decl
e,字段定义,go/ast/ast.go,Decl,位置,560,line,560,access,public,ctype,DeclStmt,type,Decl
v,文件名,go/ast/ast.go,go/ast/ast.go
v,类型,DeclStmt,DeclStmt
e,类型定义,go/ast/ast.go,DeclStmt,位置,559,type,struct,line,559,access,public
v,文件名,go/ast/ast.go,go/ast/ast.go
v,字段,Semicolon,Semicolon
e,字段定义,go/ast/ast.go,Semicolon,位置,568,line,568,access,public,ctype,EmptyStmt,type,token.Pos
v,文件名,go/ast/ast.go,go/ast/ast.go
v,字段,Implicit,Implicit
e,字段定义,go/ast/ast.go,Implicit,位置,569,access,public,ctype,EmptyStmt,type,bool,line,569
v,文件名,go/ast/ast.go,go/ast/ast.go
v,类型,EmptyStmt,EmptyStmt
e,类型定义,go/ast/ast.go,EmptyStmt,位置,567,line,567,access,public,type,struct
v,文件名,go/ast/ast.go,go/ast/ast.go
v,字段,Label,Label
e,字段定义,go/ast/ast.go,Label,位置,574,line,574,access,public,ctype,LabeledStmt,type,*Ident
v,文件名,go/ast/ast.go,go/ast/ast.go
v,字段,Colon,Colon
e,字段定义,go/ast/ast.go,Colon,位置,575,line,575,access,public,ctype,LabeledStmt,type,token.Pos
v,文件名,go/ast/ast.go,go/ast/ast.go
v,字段,Stmt,Stmt
e,字段定义,go/ast/ast.go,Stmt,位置,576,line,576,access,public,ctype,LabeledStmt,type,Stmt
v,文件名,go/ast/ast.go,go/ast/ast.go
v,类型,LabeledStmt,LabeledStmt
e,类型定义,go/ast/ast.go,LabeledStmt,位置,573,access,public,type,struct,line,573
v,文件名,go/ast/ast.go,go/ast/ast.go
v,字段,X,X
e,字段定义,go/ast/ast.go,X,位置,583,line,583,access,public,ctype,ExprStmt,type,Expr
v,文件名,go/ast/ast.go,go/ast/ast.go
v,类型,ExprStmt,ExprStmt
e,类型定义,go/ast/ast.go,ExprStmt,位置,582,access,public,type,struct,line,582
v,文件名,go/ast/ast.go,go/ast/ast.go
v,字段,Chan,Chan
e,字段定义,go/ast/ast.go,Chan,位置,588,type,Expr,line,588,access,public,ctype,SendStmt
v,文件名,go/ast/ast.go,go/ast/ast.go
v,字段,Arrow,Arrow
e,字段定义,go/ast/ast.go,Arrow,位置,589,line,589,access,public,ctype,SendStmt,type,token.Pos
v,文件名,go/ast/ast.go,go/ast/ast.go
v,字段,Value,Value
e,字段定义,go/ast/ast.go,Value,位置,590,line,590,access,public,ctype,SendStmt,type,Expr
v,文件名,go/ast/ast.go,go/ast/ast.go
v,类型,SendStmt,SendStmt
e,类型定义,go/ast/ast.go,SendStmt,位置,587,line,587,access,public,type,struct
v,文件名,go/ast/ast.go,go/ast/ast.go
v,字段,X,X
e,字段定义,go/ast/ast.go,X,位置,595,line,595,access,public,ctype,IncDecStmt,type,Expr
v,文件名,go/ast/ast.go,go/ast/ast.go
v,字段,TokPos,TokPos
e,字段定义,go/ast/ast.go,TokPos,位置,596,line,596,access,public,ctype,IncDecStmt,type,token.Pos
v,文件名,go/ast/ast.go,go/ast/ast.go
v,字段,Tok,Tok
e,字段定义,go/ast/ast.go,Tok,位置,597,type,token.Token,line,597,access,public,ctype,IncDecStmt
v,文件名,go/ast/ast.go,go/ast/ast.go
v,类型,IncDecStmt,IncDecStmt
e,类型定义,go/ast/ast.go,IncDecStmt,位置,594,line,594,access,public,type,struct
v,文件名,go/ast/ast.go,go/ast/ast.go
v,字段,Lhs,Lhs
e,字段定义,go/ast/ast.go,Lhs,位置,604,access,public,ctype,AssignStmt,type,[]Expr,line,604
v,文件名,go/ast/ast.go,go/ast/ast.go
v,字段,TokPos,TokPos
e,字段定义,go/ast/ast.go,TokPos,位置,605,line,605,access,public,ctype,AssignStmt,type,token.Pos
v,文件名,go/ast/ast.go,go/ast/ast.go
v,字段,Tok,Tok
e,字段定义,go/ast/ast.go,Tok,位置,606,type,token.Token,line,606,access,public,ctype,AssignStmt
v,文件名,go/ast/ast.go,go/ast/ast.go
v,字段,Rhs,Rhs
e,字段定义,go/ast/ast.go,Rhs,位置,607,line,607,access,public,ctype,AssignStmt,type,[]Expr
v,文件名,go/ast/ast.go,go/ast/ast.go
v,类型,AssignStmt,AssignStmt
e,类型定义,go/ast/ast.go,AssignStmt,位置,603,line,603,access,public,type,struct
v,文件名,go/ast/ast.go,go/ast/ast.go
v,字段,Go,Go
e,字段定义,go/ast/ast.go,Go,位置,612,access,public,ctype,GoStmt,type,token.Pos,line,612
v,文件名,go/ast/ast.go,go/ast/ast.go
v,字段,Call,Call
e,字段定义,go/ast/ast.go,Call,位置,613,access,public,ctype,GoStmt,type,*CallExpr,line,613
v,文件名,go/ast/ast.go,go/ast/ast.go
v,类型,GoStmt,GoStmt
e,类型定义,go/ast/ast.go,GoStmt,位置,611,access,public,type,struct,line,611
v,文件名,go/ast/ast.go,go/ast/ast.go
v,字段,Defer,Defer
e,字段定义,go/ast/ast.go,Defer,位置,618,type,token.Pos,line,618,access,public,ctype,DeferStmt
v,文件名,go/ast/ast.go,go/ast/ast.go
v,字段,Call,Call
e,字段定义,go/ast/ast.go,Call,位置,619,access,public,ctype,DeferStmt,type,*CallExpr,line,619
v,文件名,go/ast/ast.go,go/ast/ast.go
v,类型,DeferStmt,DeferStmt
e,类型定义,go/ast/ast.go,DeferStmt,位置,617,line,617,access,public,type,struct
v,文件名,go/ast/ast.go,go/ast/ast.go
v,字段,Return,Return
e,字段定义,go/ast/ast.go,Return,位置,624,line,624,access,public,ctype,ReturnStmt,type,token.Pos
v,文件名,go/ast/ast.go,go/ast/ast.go
v,字段,Results,Results
e,字段定义,go/ast/ast.go,Results,位置,625,line,625,access,public,ctype,ReturnStmt,type,[]Expr
v,文件名,go/ast/ast.go,go/ast/ast.go
v,类型,ReturnStmt,ReturnStmt
e,类型定义,go/ast/ast.go,ReturnStmt,位置,623,line,623,access,public,type,struct
v,文件名,go/ast/ast.go,go/ast/ast.go
v,字段,TokPos,TokPos
e,字段定义,go/ast/ast.go,TokPos,位置,632,type,token.Pos,line,632,access,public,ctype,BranchStmt
v,文件名,go/ast/ast.go,go/ast/ast.go
v,字段,Tok,Tok
e,字段定义,go/ast/ast.go,Tok,位置,633,access,public,ctype,BranchStmt,type,token.Token,line,633
v,文件名,go/ast/ast.go,go/ast/ast.go
v,字段,Label,Label
e,字段定义,go/ast/ast.go,Label,位置,634,type,*Ident,line,634,access,public,ctype,BranchStmt
v,文件名,go/ast/ast.go,go/ast/ast.go
v,类型,BranchStmt,BranchStmt
e,类型定义,go/ast/ast.go,BranchStmt,位置,631,line,631,access,public,type,struct
v,文件名,go/ast/ast.go,go/ast/ast.go
v,字段,Lbrace,Lbrace
e,字段定义,go/ast/ast.go,Lbrace,位置,639,line,639,access,public,ctype,BlockStmt,type,token.Pos
v,文件名,go/ast/ast.go,go/ast/ast.go
v,字段,List,List
e,字段定义,go/ast/ast.go,List,位置,640,line,640,access,public,ctype,BlockStmt,type,[]Stmt
v,文件名,go/ast/ast.go,go/ast/ast.go
v,字段,Rbrace,Rbrace
e,字段定义,go/ast/ast.go,Rbrace,位置,641,line,641,access,public,ctype,BlockStmt,type,token.Pos
v,文件名,go/ast/ast.go,go/ast/ast.go
v,类型,BlockStmt,BlockStmt
e,类型定义,go/ast/ast.go,BlockStmt,位置,638,line,638,access,public,type,struct
v,文件名,go/ast/ast.go,go/ast/ast.go
v,字段,If,If
e,字段定义,go/ast/ast.go,If,位置,646,line,646,access,public,ctype,IfStmt,type,token.Pos
v,文件名,go/ast/ast.go,go/ast/ast.go
v,字段,Init,Init
e,字段定义,go/ast/ast.go,Init,位置,647,line,647,access,public,ctype,IfStmt,type,Stmt
v,文件名,go/ast/ast.go,go/ast/ast.go
v,字段,Cond,Cond
e,字段定义,go/ast/ast.go,Cond,位置,648,line,648,access,public,ctype,IfStmt,type,Expr
v,文件名,go/ast/ast.go,go/ast/ast.go
v,字段,Body,Body
e,字段定义,go/ast/ast.go,Body,位置,649,ctype,IfStmt,type,*BlockStmt,line,649,access,public
v,文件名,go/ast/ast.go,go/ast/ast.go
v,字段,Else,Else
e,字段定义,go/ast/ast.go,Else,位置,650,access,public,ctype,IfStmt,type,Stmt,line,650
v,文件名,go/ast/ast.go,go/ast/ast.go
v,类型,IfStmt,IfStmt
e,类型定义,go/ast/ast.go,IfStmt,位置,645,line,645,access,public,type,struct
v,文件名,go/ast/ast.go,go/ast/ast.go
v,字段,Case,Case
e,字段定义,go/ast/ast.go,Case,位置,655,line,655,access,public,ctype,CaseClause,type,token.Pos
v,文件名,go/ast/ast.go,go/ast/ast.go
v,字段,List,List
e,字段定义,go/ast/ast.go,List,位置,656,line,656,access,public,ctype,CaseClause,type,[]Expr
v,文件名,go/ast/ast.go,go/ast/ast.go
v,字段,Colon,Colon
e,字段定义,go/ast/ast.go,Colon,位置,657,line,657,access,public,ctype,CaseClause,type,token.Pos
v,文件名,go/ast/ast.go,go/ast/ast.go
v,字段,Body,Body
e,字段定义,go/ast/ast.go,Body,位置,658,line,658,access,public,ctype,CaseClause,type,[]Stmt
v,文件名,go/ast/ast.go,go/ast/ast.go
v,类型,CaseClause,CaseClause
e,类型定义,go/ast/ast.go,CaseClause,位置,654,line,654,access,public,type,struct
v,文件名,go/ast/ast.go,go/ast/ast.go
v,字段,Switch,Switch
e,字段定义,go/ast/ast.go,Switch,位置,663,line,663,access,public,ctype,SwitchStmt,type,token.Pos
v,文件名,go/ast/ast.go,go/ast/ast.go
v,字段,Init,Init
e,字段定义,go/ast/ast.go,Init,位置,664,line,664,access,public,ctype,SwitchStmt,type,Stmt
v,文件名,go/ast/ast.go,go/ast/ast.go
v,字段,Tag,Tag
e,字段定义,go/ast/ast.go,Tag,位置,665,line,665,access,public,ctype,SwitchStmt,type,Expr
v,文件名,go/ast/ast.go,go/ast/ast.go
v,字段,Body,Body
e,字段定义,go/ast/ast.go,Body,位置,666,line,666,access,public,ctype,SwitchStmt,type,*BlockStmt
v,文件名,go/ast/ast.go,go/ast/ast.go
v,类型,SwitchStmt,SwitchStmt
e,类型定义,go/ast/ast.go,SwitchStmt,位置,662,line,662,access,public,type,struct
v,文件名,go/ast/ast.go,go/ast/ast.go
v,字段,Switch,Switch
e,字段定义,go/ast/ast.go,Switch,位置,671,ctype,TypeSwitchStmt,type,token.Pos,line,671,access,public
v,文件名,go/ast/ast.go,go/ast/ast.go
v,字段,Init,Init
e,字段定义,go/ast/ast.go,Init,位置,672,line,672,access,public,ctype,TypeSwitchStmt,type,Stmt
v,文件名,go/ast/ast.go,go/ast/ast.go
v,字段,Assign,Assign
e,字段定义,go/ast/ast.go,Assign,位置,673,line,673,access,public,ctype,TypeSwitchStmt,type,Stmt
v,文件名,go/ast/ast.go,go/ast/ast.go
v,字段,Body,Body
e,字段定义,go/ast/ast.go,Body,位置,674,ctype,TypeSwitchStmt,type,*BlockStmt,line,674,access,public
v,文件名,go/ast/ast.go,go/ast/ast.go
v,类型,TypeSwitchStmt,TypeSwitchStmt
e,类型定义,go/ast/ast.go,TypeSwitchStmt,位置,670,access,public,type,struct,line,670
v,文件名,go/ast/ast.go,go/ast/ast.go
v,字段,Case,Case
e,字段定义,go/ast/ast.go,Case,位置,679,line,679,access,public,ctype,CommClause,type,token.Pos
v,文件名,go/ast/ast.go,go/ast/ast.go
v,字段,Comm,Comm
e,字段定义,go/ast/ast.go,Comm,位置,680,line,680,access,public,ctype,CommClause,type,Stmt
v,文件名,go/ast/ast.go,go/ast/ast.go
v,字段,Colon,Colon
e,字段定义,go/ast/ast.go,Colon,位置,681,type,token.Pos,line,681,access,public,ctype,CommClause
v,文件名,go/ast/ast.go,go/ast/ast.go
v,字段,Body,Body
e,字段定义,go/ast/ast.go,Body,位置,682,line,682,access,public,ctype,CommClause,type,[]Stmt
v,文件名,go/ast/ast.go,go/ast/ast.go
v,类型,CommClause,CommClause
e,类型定义,go/ast/ast.go,CommClause,位置,678,line,678,access,public,type,struct
v,文件名,go/ast/ast.go,go/ast/ast.go
v,字段,Select,Select
e,字段定义,go/ast/ast.go,Select,位置,687,line,687,access,public,ctype,SelectStmt,type,token.Pos
v,文件名,go/ast/ast.go,go/ast/ast.go
v,字段,Body,Body
e,字段定义,go/ast/ast.go,Body,位置,688,line,688,access,public,ctype,SelectStmt,type,*BlockStmt
v,文件名,go/ast/ast.go,go/ast/ast.go
v,类型,SelectStmt,SelectStmt
e,类型定义,go/ast/ast.go,SelectStmt,位置,686,line,686,access,public,type,struct
v,文件名,go/ast/ast.go,go/ast/ast.go
v,字段,For,For
e,字段定义,go/ast/ast.go,For,位置,693,line,693,access,public,ctype,ForStmt,type,token.Pos
v,文件名,go/ast/ast.go,go/ast/ast.go
v,字段,Init,Init
e,字段定义,go/ast/ast.go,Init,位置,694,line,694,access,public,ctype,ForStmt,type,Stmt
v,文件名,go/ast/ast.go,go/ast/ast.go
v,字段,Cond,Cond
e,字段定义,go/ast/ast.go,Cond,位置,695,line,695,access,public,ctype,ForStmt,type,Expr
v,文件名,go/ast/ast.go,go/ast/ast.go
v,字段,Post,Post
e,字段定义,go/ast/ast.go,Post,位置,696,line,696,access,public,ctype,ForStmt,type,Stmt
v,文件名,go/ast/ast.go,go/ast/ast.go
v,字段,Body,Body
e,字段定义,go/ast/ast.go,Body,位置,697,line,697,access,public,ctype,ForStmt,type,*BlockStmt
v,文件名,go/ast/ast.go,go/ast/ast.go
v,类型,ForStmt,ForStmt
e,类型定义,go/ast/ast.go,ForStmt,位置,692,access,public,type,struct,line,692
v,文件名,go/ast/ast.go,go/ast/ast.go
v,字段,For,For
e,字段定义,go/ast/ast.go,For,位置,702,line,702,access,public,ctype,RangeStmt,type,token.Pos
v,文件名,go/ast/ast.go,go/ast/ast.go
v,字段,Key,Key
e,字段定义,go/ast/ast.go,Key,位置,703,type,Expr,line,703,access,public,ctype,RangeStmt
v,文件名,go/ast/ast.go,go/ast/ast.go
v,字段,Value,Value
e,字段定义,go/ast/ast.go,Value,位置,703,type,Expr,line,703,access,public,ctype,RangeStmt
v,文件名,go/ast/ast.go,go/ast/ast.go
v,字段,TokPos,TokPos
e,字段定义,go/ast/ast.go,TokPos,位置,704,line,704,access,public,ctype,RangeStmt,type,token.Pos
v,文件名,go/ast/ast.go,go/ast/ast.go
v,字段,Tok,Tok
e,字段定义,go/ast/ast.go,Tok,位置,705,type,token.Token,line,705,access,public,ctype,RangeStmt
v,文件名,go/ast/ast.go,go/ast/ast.go
v,字段,X,X
e,字段定义,go/ast/ast.go,X,位置,706,line,706,access,public,ctype,RangeStmt,type,Expr
v,文件名,go/ast/ast.go,go/ast/ast.go
v,字段,Body,Body
e,字段定义,go/ast/ast.go,Body,位置,707,line,707,access,public,ctype,RangeStmt,type,*BlockStmt
v,文件名,go/ast/ast.go,go/ast/ast.go
v,类型,RangeStmt,RangeStmt
e,类型定义,go/ast/ast.go,RangeStmt,位置,701,line,701,access,public,type,struct
v,文件名,go/ast/ast.go,go/ast/ast.go
v,unknown,Node,Node
e,unknown定义,go/ast/ast.go,Node,位置,823,line,823,access,public,ntype,Spec
v,文件名,go/ast/ast.go,go/ast/ast.go
v,方法,specNode,specNode
e,方法定义,go/ast/ast.go,specNode,位置,824,ntype,Spec,line,824,access,private,signature,()
v,文件名,go/ast/ast.go,go/ast/ast.go
v,接口,Spec,Spec
e,接口定义,go/ast/ast.go,Spec,位置,822,line,822,access,public,type,interface
v,文件名,go/ast/ast.go,go/ast/ast.go
v,字段,Doc,Doc
e,字段定义,go/ast/ast.go,Doc,位置,829,line,829,access,public,ctype,ImportSpec,type,*CommentGroup
v,文件名,go/ast/ast.go,go/ast/ast.go
v,字段,Name,Name
e,字段定义,go/ast/ast.go,Name,位置,830,ctype,ImportSpec,type,*Ident,line,830,access,public
v,文件名,go/ast/ast.go,go/ast/ast.go
v,字段,Path,Path
e,字段定义,go/ast/ast.go,Path,位置,831,line,831,access,public,ctype,ImportSpec,type,*BasicLit
v,文件名,go/ast/ast.go,go/ast/ast.go
v,字段,Comment,Comment
e,字段定义,go/ast/ast.go,Comment,位置,832,line,832,access,public,ctype,ImportSpec,type,*CommentGroup
v,文件名,go/ast/ast.go,go/ast/ast.go
v,字段,EndPos,EndPos
e,字段定义,go/ast/ast.go,EndPos,位置,833,ctype,ImportSpec,type,token.Pos,line,833,access,public
v,文件名,go/ast/ast.go,go/ast/ast.go
v,类型,ImportSpec,ImportSpec
e,类型定义,go/ast/ast.go,ImportSpec,位置,828,line,828,access,public,type,struct
v,文件名,go/ast/ast.go,go/ast/ast.go
v,字段,Doc,Doc
e,字段定义,go/ast/ast.go,Doc,位置,840,ctype,ValueSpec,type,*CommentGroup,line,840,access,public
v,文件名,go/ast/ast.go,go/ast/ast.go
v,字段,Names,Names
e,字段定义,go/ast/ast.go,Names,位置,841,line,841,access,public,ctype,ValueSpec,type,[]*Ident
v,文件名,go/ast/ast.go,go/ast/ast.go
v,字段,Type,Type
e,字段定义,go/ast/ast.go,Type,位置,842,access,public,ctype,ValueSpec,type,Expr,line,842
v,文件名,go/ast/ast.go,go/ast/ast.go
v,字段,Values,Values
e,字段定义,go/ast/ast.go,Values,位置,843,line,843,access,public,ctype,ValueSpec,type,[]Expr
v,文件名,go/ast/ast.go,go/ast/ast.go
v,字段,Comment,Comment
e,字段定义,go/ast/ast.go,Comment,位置,844,line,844,access,public,ctype,ValueSpec,type,*CommentGroup
v,文件名,go/ast/ast.go,go/ast/ast.go
v,类型,ValueSpec,ValueSpec
e,类型定义,go/ast/ast.go,ValueSpec,位置,839,line,839,access,public,type,struct
v,文件名,go/ast/ast.go,go/ast/ast.go
v,字段,Doc,Doc
e,字段定义,go/ast/ast.go,Doc,位置,849,line,849,access,public,ctype,TypeSpec,type,*CommentGroup
v,文件名,go/ast/ast.go,go/ast/ast.go
v,字段,Name,Name
e,字段定义,go/ast/ast.go,Name,位置,850,line,850,access,public,ctype,TypeSpec,type,*Ident
v,文件名,go/ast/ast.go,go/ast/ast.go
v,字段,Assign,Assign
e,字段定义,go/ast/ast.go,Assign,位置,851,access,public,ctype,TypeSpec,type,token.Pos,line,851
v,文件名,go/ast/ast.go,go/ast/ast.go
v,字段,Type,Type
e,字段定义,go/ast/ast.go,Type,位置,852,type,Expr,line,852,access,public,ctype,TypeSpec
v,文件名,go/ast/ast.go,go/ast/ast.go
v,字段,Comment,Comment
e,字段定义,go/ast/ast.go,Comment,位置,853,line,853,access,public,ctype,TypeSpec,type,*CommentGroup
v,文件名,go/ast/ast.go,go/ast/ast.go
v,类型,TypeSpec,TypeSpec
e,类型定义,go/ast/ast.go,TypeSpec,位置,848,line,848,access,public,type,struct
v,文件名,go/ast/ast.go,go/ast/ast.go
v,字段,From,From
e,字段定义,go/ast/ast.go,From,位置,901,line,901,access,public,ctype,BadDecl,type,token.Pos
v,文件名,go/ast/ast.go,go/ast/ast.go
v,字段,To,To
e,字段定义,go/ast/ast.go,To,位置,901,line,901,access,public,ctype,BadDecl,type,token.Pos
v,文件名,go/ast/ast.go,go/ast/ast.go
v,类型,BadDecl,BadDecl
e,类型定义,go/ast/ast.go,BadDecl,位置,900,access,public,type,struct,line,900
v,文件名,go/ast/ast.go,go/ast/ast.go
v,字段,Doc,Doc
e,字段定义,go/ast/ast.go,Doc,位置,916,line,916,access,public,ctype,GenDecl,type,*CommentGroup
v,文件名,go/ast/ast.go,go/ast/ast.go
v,字段,TokPos,TokPos
e,字段定义,go/ast/ast.go,TokPos,位置,917,type,token.Pos,line,917,access,public,ctype,GenDecl
v,文件名,go/ast/ast.go,go/ast/ast.go
v,字段,Tok,Tok
e,字段定义,go/ast/ast.go,Tok,位置,918,type,token.Token,line,918,access,public,ctype,GenDecl
v,文件名,go/ast/ast.go,go/ast/ast.go
v,字段,Lparen,Lparen
e,字段定义,go/ast/ast.go,Lparen,位置,919,line,919,access,public,ctype,GenDecl,type,token.Pos
v,文件名,go/ast/ast.go,go/ast/ast.go
v,字段,Specs,Specs
e,字段定义,go/ast/ast.go,Specs,位置,920,line,920,access,public,ctype,GenDecl,type,[]Spec
v,文件名,go/ast/ast.go,go/ast/ast.go
v,字段,Rparen,Rparen
e,字段定义,go/ast/ast.go,Rparen,位置,921,ctype,GenDecl,type,token.Pos,line,921,access,public
v,文件名,go/ast/ast.go,go/ast/ast.go
v,类型,GenDecl,GenDecl
e,类型定义,go/ast/ast.go,GenDecl,位置,915,line,915,access,public,type,struct
v,文件名,go/ast/ast.go,go/ast/ast.go
v,字段,Doc,Doc
e,字段定义,go/ast/ast.go,Doc,位置,926,line,926,access,public,ctype,FuncDecl,type,*CommentGroup
v,文件名,go/ast/ast.go,go/ast/ast.go
v,字段,Recv,Recv
e,字段定义,go/ast/ast.go,Recv,位置,927,line,927,access,public,ctype,FuncDecl,type,*FieldList
v,文件名,go/ast/ast.go,go/ast/ast.go
v,字段,Name,Name
e,字段定义,go/ast/ast.go,Name,位置,928,ctype,FuncDecl,type,*Ident,line,928,access,public
v,文件名,go/ast/ast.go,go/ast/ast.go
v,字段,Type,Type
e,字段定义,go/ast/ast.go,Type,位置,929,access,public,ctype,FuncDecl,type,*FuncType,line,929
v,文件名,go/ast/ast.go,go/ast/ast.go
v,字段,Body,Body
e,字段定义,go/ast/ast.go,Body,位置,930,line,930,access,public,ctype,FuncDecl,type,*BlockStmt
v,文件名,go/ast/ast.go,go/ast/ast.go
v,类型,FuncDecl,FuncDecl
e,类型定义,go/ast/ast.go,FuncDecl,位置,925,line,925,access,public,type,struct
v,文件名,go/ast/ast.go,go/ast/ast.go
v,字段,Doc,Doc
e,字段定义,go/ast/ast.go,Doc,位置,984,line,984,access,public,ctype,File,type,*CommentGroup
v,文件名,go/ast/ast.go,go/ast/ast.go
v,字段,Package,Package
e,字段定义,go/ast/ast.go,Package,位置,985,line,985,access,public,ctype,File,type,token.Pos
v,文件名,go/ast/ast.go,go/ast/ast.go
v,字段,Name,Name
e,字段定义,go/ast/ast.go,Name,位置,986,line,986,access,public,ctype,File,type,*Ident
v,文件名,go/ast/ast.go,go/ast/ast.go
v,字段,Decls,Decls
e,字段定义,go/ast/ast.go,Decls,位置,987,line,987,access,public,ctype,File,type,[]Decl
v,文件名,go/ast/ast.go,go/ast/ast.go
v,字段,Scope,Scope
e,字段定义,go/ast/ast.go,Scope,位置,988,access,public,ctype,File,type,*Scope,line,988
v,文件名,go/ast/ast.go,go/ast/ast.go
v,字段,Imports,Imports
e,字段定义,go/ast/ast.go,Imports,位置,989,line,989,access,public,ctype,File,type,[]*ImportSpec
v,文件名,go/ast/ast.go,go/ast/ast.go
v,字段,Unresolved,Unresolved
e,字段定义,go/ast/ast.go,Unresolved,位置,990,access,public,ctype,File,type,[]*Ident,line,990
v,文件名,go/ast/ast.go,go/ast/ast.go
v,字段,Comments,Comments
e,字段定义,go/ast/ast.go,Comments,位置,991,line,991,access,public,ctype,File,type,[]*CommentGroup
v,文件名,go/ast/ast.go,go/ast/ast.go
v,类型,File,File
e,类型定义,go/ast/ast.go,File,位置,983,line,983,access,public,type,struct
v,文件名,go/ast/ast.go,go/ast/ast.go
v,字段,Name,Name
e,字段定义,go/ast/ast.go,Name,位置,1006,ctype,Package,type,string,line,1006,access,public
v,文件名,go/ast/ast.go,go/ast/ast.go
v,字段,Scope,Scope
e,字段定义,go/ast/ast.go,Scope,位置,1007,line,1007,access,public,ctype,Package,type,*Scope
v,文件名,go/ast/ast.go,go/ast/ast.go
v,字段,Imports,Imports
e,字段定义,go/ast/ast.go,Imports,位置,1008,line,1008,access,public,ctype,Package,type,map[string]*Object
v,文件名,go/ast/ast.go,go/ast/ast.go
v,字段,Files,Files
e,字段定义,go/ast/ast.go,Files,位置,1009,ctype,Package,type,map[string]*File,line,1009,access,public
v,文件名,go/ast/ast.go,go/ast/ast.go
v,类型,Package,Package
e,类型定义,go/ast/ast.go,Package,位置,1005,line,1005,access,public,type,struct
v,文件名,go/ast/ast.go,go/ast/ast.go
v,方法,Pos,Pos
e,方法定义,go/ast/ast.go,Pos,位置,67,access,public,signature,(),type,token.Pos,ctype,Comment,line,67
v,文件名,go/ast/ast.go,go/ast/ast.go
v,方法,End,End
e,方法定义,go/ast/ast.go,End,位置,68,line,68,access,public,signature,(),type,token.Pos,ctype,Comment
v,文件名,go/ast/ast.go,go/ast/ast.go
v,方法,Pos,Pos
e,方法定义,go/ast/ast.go,Pos,位置,77,line,77,access,public,signature,(),type,token.Pos,ctype,CommentGroup
v,文件名,go/ast/ast.go,go/ast/ast.go
v,方法,End,End
e,方法定义,go/ast/ast.go,End,位置,78,line,78,access,public,signature,(),type,token.Pos,ctype,CommentGroup
v,文件名,go/ast/ast.go,go/ast/ast.go
v,函数,isWhitespace,isWhitespace
e,函数定义,go/ast/ast.go,isWhitespace,位置,80,signature,(ch byte),type,bool,line,80,access,private
v,文件名,go/ast/ast.go,go/ast/ast.go
v,函数,stripTrailingWhitespace,stripTrailingWhitespace
e,函数定义,go/ast/ast.go,stripTrailingWhitespace,位置,82,line,82,access,private,signature,(s string),type,string
v,文件名,go/ast/ast.go,go/ast/ast.go
v,方法,Text,Text
e,方法定义,go/ast/ast.go,Text,位置,96,line,96,access,public,signature,(),type,string,ctype,CommentGroup
v,文件名,go/ast/ast.go,go/ast/ast.go
v,方法,Pos,Pos
e,方法定义,go/ast/ast.go,Pos,位置,165,line,165,access,public,signature,(),type,token.Pos,ctype,Field
v,文件名,go/ast/ast.go,go/ast/ast.go
v,方法,End,End
e,方法定义,go/ast/ast.go,End,位置,172,type,token.Pos,ctype,Field,line,172,access,public,signature,()
v,文件名,go/ast/ast.go,go/ast/ast.go
v,方法,Pos,Pos
e,方法定义,go/ast/ast.go,Pos,位置,186,line,186,access,public,signature,(),type,token.Pos,ctype,FieldList
v,文件名,go/ast/ast.go,go/ast/ast.go
v,方法,End,End
e,方法定义,go/ast/ast.go,End,位置,198,line,198,access,public,signature,(),type,token.Pos,ctype,FieldList
v,文件名,go/ast/ast.go,go/ast/ast.go
v,方法,NumFields,NumFields
e,方法定义,go/ast/ast.go,NumFields,位置,211,signature,(),type,int,ctype,FieldList,line,211,access,public
v,文件名,go/ast/ast.go,go/ast/ast.go
v,方法,Pos,Pos
e,方法定义,go/ast/ast.go,Pos,位置,422,ctype,BadExpr,line,422,access,public,signature,(),type,token.Pos
v,文件名,go/ast/ast.go,go/ast/ast.go
v,方法,Pos,Pos
e,方法定义,go/ast/ast.go,Pos,位置,423,line,423,access,public,signature,(),type,token.Pos,ctype,Ident
v,文件名,go/ast/ast.go,go/ast/ast.go
v,方法,Pos,Pos
e,方法定义,go/ast/ast.go,Pos,位置,424,ctype,Ellipsis,line,424,access,public,signature,(),type,token.Pos
v,文件名,go/ast/ast.go,go/ast/ast.go
v,方法,Pos,Pos
e,方法定义,go/ast/ast.go,Pos,位置,425,line,425,access,public,signature,(),type,token.Pos,ctype,BasicLit
v,文件名,go/ast/ast.go,go/ast/ast.go
v,方法,Pos,Pos
e,方法定义,go/ast/ast.go,Pos,位置,426,type,token.Pos,ctype,FuncLit,line,426,access,public,signature,()
v,文件名,go/ast/ast.go,go/ast/ast.go
v,方法,Pos,Pos
e,方法定义,go/ast/ast.go,Pos,位置,427,type,token.Pos,ctype,CompositeLit,line,427,access,public,signature,()
v,文件名,go/ast/ast.go,go/ast/ast.go
v,方法,Pos,Pos
e,方法定义,go/ast/ast.go,Pos,位置,433,line,433,access,public,signature,(),type,token.Pos,ctype,ParenExpr
v,文件名,go/ast/ast.go,go/ast/ast.go
v,方法,Pos,Pos
e,方法定义,go/ast/ast.go,Pos,位置,434,access,public,signature,(),type,token.Pos,ctype,SelectorExpr,line,434
v,文件名,go/ast/ast.go,go/ast/ast.go
v,方法,Pos,Pos
e,方法定义,go/ast/ast.go,Pos,位置,435,line,435,access,public,signature,(),type,token.Pos,ctype,IndexExpr
v,文件名,go/ast/ast.go,go/ast/ast.go
v,方法,Pos,Pos
e,方法定义,go/ast/ast.go,Pos,位置,436,line,436,access,public,signature,(),type,token.Pos,ctype,SliceExpr
v,文件名,go/ast/ast.go,go/ast/ast.go
v,方法,Pos,Pos
e,方法定义,go/ast/ast.go,Pos,位置,437,access,public,signature,(),type,token.Pos,ctype,TypeAssertExpr,line,437
v,文件名,go/ast/ast.go,go/ast/ast.go
v,方法,Pos,Pos
e,方法定义,go/ast/ast.go,Pos,位置,438,line,438,access,public,signature,(),type,token.Pos,ctype,CallExpr
v,文件名,go/ast/ast.go,go/ast/ast.go
v,方法,Pos,Pos
e,方法定义,go/ast/ast.go,Pos,位置,439,ctype,StarExpr,line,439,access,public,signature,(),type,token.Pos
v,文件名,go/ast/ast.go,go/ast/ast.go
v,方法,Pos,Pos
e,方法定义,go/ast/ast.go,Pos,位置,440,line,440,access,public,signature,(),type,token.Pos,ctype,UnaryExpr
v,文件名,go/ast/ast.go,go/ast/ast.go
v,方法,Pos,Pos
e,方法定义,go/ast/ast.go,Pos,位置,441,line,441,access,public,signature,(),type,token.Pos,ctype,BinaryExpr
v,文件名,go/ast/ast.go,go/ast/ast.go
v,方法,Pos,Pos
e,方法定义,go/ast/ast.go,Pos,位置,442,line,442,access,public,signature,(),type,token.Pos,ctype,KeyValueExpr
v,文件名,go/ast/ast.go,go/ast/ast.go
v,方法,Pos,Pos
e,方法定义,go/ast/ast.go,Pos,位置,443,signature,(),type,token.Pos,ctype,ArrayType,line,443,access,public
v,文件名,go/ast/ast.go,go/ast/ast.go
v,方法,Pos,Pos
e,方法定义,go/ast/ast.go,Pos,位置,444,line,444,access,public,signature,(),type,token.Pos,ctype,StructType
v,文件名,go/ast/ast.go,go/ast/ast.go
v,方法,Pos,Pos
e,方法定义,go/ast/ast.go,Pos,位置,445,line,445,access,public,signature,(),type,token.Pos,ctype,FuncType
v,文件名,go/ast/ast.go,go/ast/ast.go
v,方法,Pos,Pos
e,方法定义,go/ast/ast.go,Pos,位置,451,line,451,access,public,signature,(),type,token.Pos,ctype,InterfaceType
v,文件名,go/ast/ast.go,go/ast/ast.go
v,方法,Pos,Pos
e,方法定义,go/ast/ast.go,Pos,位置,452,line,452,access,public,signature,(),type,token.Pos,ctype,MapType
v,文件名,go/ast/ast.go,go/ast/ast.go
v,方法,Pos,Pos
e,方法定义,go/ast/ast.go,Pos,位置,453,type,token.Pos,ctype,ChanType,line,453,access,public,signature,()
v,文件名,go/ast/ast.go,go/ast/ast.go
v,方法,End,End
e,方法定义,go/ast/ast.go,End,位置,455,signature,(),type,token.Pos,ctype,BadExpr,line,455,access,public
v,文件名,go/ast/ast.go,go/ast/ast.go
v,方法,End,End
e,方法定义,go/ast/ast.go,End,位置,456,ctype,Ident,line,456,access,public,signature,(),type,token.Pos
v,文件名,go/ast/ast.go,go/ast/ast.go
v,方法,End,End
e,方法定义,go/ast/ast.go,End,位置,457,access,public,signature,(),type,token.Pos,ctype,Ellipsis,line,457
v,文件名,go/ast/ast.go,go/ast/ast.go
v,方法,End,End
e,方法定义,go/ast/ast.go,End,位置,463,line,463,access,public,signature,(),type,token.Pos,ctype,BasicLit
v,文件名,go/ast/ast.go,go/ast/ast.go
v,方法,End,End
e,方法定义,go/ast/ast.go,End,位置,464,ctype,FuncLit,line,464,access,public,signature,(),type,token.Pos
v,文件名,go/ast/ast.go,go/ast/ast.go
v,方法,End,End
e,方法定义,go/ast/ast.go,End,位置,465,line,465,access,public,signature,(),type,token.Pos,ctype,CompositeLit
v,文件名,go/ast/ast.go,go/ast/ast.go
v,方法,End,End
e,方法定义,go/ast/ast.go,End,位置,466,access,public,signature,(),type,token.Pos,ctype,ParenExpr,line,466
v,文件名,go/ast/ast.go,go/ast/ast.go
v,方法,End,End
e,方法定义,go/ast/ast.go,End,位置,467,line,467,access,public,signature,(),type,token.Pos,ctype,SelectorExpr
v,文件名,go/ast/ast.go,go/ast/ast.go
v,方法,End,End
e,方法定义,go/ast/ast.go,End,位置,468,line,468,access,public,signature,(),type,token.Pos,ctype,IndexExpr
v,文件名,go/ast/ast.go,go/ast/ast.go
v,方法,End,End
e,方法定义,go/ast/ast.go,End,位置,469,signature,(),type,token.Pos,ctype,SliceExpr,line,469,access,public
v,文件名,go/ast/ast.go,go/ast/ast.go
v,方法,End,End
e,方法定义,go/ast/ast.go,End,位置,470,signature,(),type,token.Pos,ctype,TypeAssertExpr,line,470,access,public
v,文件名,go/ast/ast.go,go/ast/ast.go
v,方法,End,End
e,方法定义,go/ast/ast.go,End,位置,471,access,public,signature,(),type,token.Pos,ctype,CallExpr,line,471
v,文件名,go/ast/ast.go,go/ast/ast.go
v,方法,End,End
e,方法定义,go/ast/ast.go,End,位置,472,ctype,StarExpr,line,472,access,public,signature,(),type,token.Pos
v,文件名,go/ast/ast.go,go/ast/ast.go
v,方法,End,End
e,方法定义,go/ast/ast.go,End,位置,473,signature,(),type,token.Pos,ctype,UnaryExpr,line,473,access,public
v,文件名,go/ast/ast.go,go/ast/ast.go
v,方法,End,End
e,方法定义,go/ast/ast.go,End,位置,474,type,token.Pos,ctype,BinaryExpr,line,474,access,public,signature,()
v,文件名,go/ast/ast.go,go/ast/ast.go
v,方法,End,End
e,方法定义,go/ast/ast.go,End,位置,475,line,475,access,public,signature,(),type,token.Pos,ctype,KeyValueExpr
v,文件名,go/ast/ast.go,go/ast/ast.go
v,方法,End,End
e,方法定义,go/ast/ast.go,End,位置,476,signature,(),type,token.Pos,ctype,ArrayType,line,476,access,public
v,文件名,go/ast/ast.go,go/ast/ast.go
v,方法,End,End
e,方法定义,go/ast/ast.go,End,位置,477,signature,(),type,token.Pos,ctype,StructType,line,477,access,public
v,文件名,go/ast/ast.go,go/ast/ast.go
v,方法,End,End
e,方法定义,go/ast/ast.go,End,位置,478,line,478,access,public,signature,(),type,token.Pos,ctype,FuncType
v,文件名,go/ast/ast.go,go/ast/ast.go
v,方法,End,End
e,方法定义,go/ast/ast.go,End,位置,484,access,public,signature,(),type,token.Pos,ctype,InterfaceType,line,484
v,文件名,go/ast/ast.go,go/ast/ast.go
v,方法,End,End
e,方法定义,go/ast/ast.go,End,位置,485,line,485,access,public,signature,(),type,token.Pos,ctype,MapType
v,文件名,go/ast/ast.go,go/ast/ast.go
v,方法,End,End
e,方法定义,go/ast/ast.go,End,位置,486,access,public,signature,(),type,token.Pos,ctype,ChanType,line,486
v,文件名,go/ast/ast.go,go/ast/ast.go
v,方法,exprNode,exprNode
e,方法定义,go/ast/ast.go,exprNode,位置,491,line,491,access,private,signature,(),ctype,BadExpr
v,文件名,go/ast/ast.go,go/ast/ast.go
v,方法,exprNode,exprNode
e,方法定义,go/ast/ast.go,exprNode,位置,492,line,492,access,private,signature,(),ctype,Ident
v,文件名,go/ast/ast.go,go/ast/ast.go
v,方法,exprNode,exprNode
e,方法定义,go/ast/ast.go,exprNode,位置,493,line,493,access,private,signature,(),ctype,Ellipsis
v,文件名,go/ast/ast.go,go/ast/ast.go
v,方法,exprNode,exprNode
e,方法定义,go/ast/ast.go,exprNode,位置,494,signature,(),ctype,BasicLit,line,494,access,private
v,文件名,go/ast/ast.go,go/ast/ast.go
v,方法,exprNode,exprNode
e,方法定义,go/ast/ast.go,exprNode,位置,495,line,495,access,private,signature,(),ctype,FuncLit
v,文件名,go/ast/ast.go,go/ast/ast.go
v,方法,exprNode,exprNode
e,方法定义,go/ast/ast.go,exprNode,位置,496,ctype,CompositeLit,line,496,access,private,signature,()
v,文件名,go/ast/ast.go,go/ast/ast.go
v,方法,exprNode,exprNode
e,方法定义,go/ast/ast.go,exprNode,位置,497,line,497,access,private,signature,(),ctype,ParenExpr
v,文件名,go/ast/ast.go,go/ast/ast.go
v,方法,exprNode,exprNode
e,方法定义,go/ast/ast.go,exprNode,位置,498,line,498,access,private,signature,(),ctype,SelectorExpr
v,文件名,go/ast/ast.go,go/ast/ast.go
v,方法,exprNode,exprNode
e,方法定义,go/ast/ast.go,exprNode,位置,499,line,499,access,private,signature,(),ctype,IndexExpr
v,文件名,go/ast/ast.go,go/ast/ast.go
v,方法,exprNode,exprNode
e,方法定义,go/ast/ast.go,exprNode,位置,500,line,500,access,private,signature,(),ctype,SliceExpr
v,文件名,go/ast/ast.go,go/ast/ast.go
v,方法,exprNode,exprNode
e,方法定义,go/ast/ast.go,exprNode,位置,501,signature,(),ctype,TypeAssertExpr,line,501,access,private
v,文件名,go/ast/ast.go,go/ast/ast.go
v,方法,exprNode,exprNode
e,方法定义,go/ast/ast.go,exprNode,位置,502,line,502,access,private,signature,(),ctype,CallExpr
v,文件名,go/ast/ast.go,go/ast/ast.go
v,方法,exprNode,exprNode
e,方法定义,go/ast/ast.go,exprNode,位置,503,access,private,signature,(),ctype,StarExpr,line,503
v,文件名,go/ast/ast.go,go/ast/ast.go
v,方法,exprNode,exprNode
e,方法定义,go/ast/ast.go,exprNode,位置,504,ctype,UnaryExpr,line,504,access,private,signature,()
v,文件名,go/ast/ast.go,go/ast/ast.go
v,方法,exprNode,exprNode
e,方法定义,go/ast/ast.go,exprNode,位置,505,access,private,signature,(),ctype,BinaryExpr,line,505
v,文件名,go/ast/ast.go,go/ast/ast.go
v,方法,exprNode,exprNode
e,方法定义,go/ast/ast.go,exprNode,位置,506,ctype,KeyValueExpr,line,506,access,private,signature,()
v,文件名,go/ast/ast.go,go/ast/ast.go
v,方法,exprNode,exprNode
e,方法定义,go/ast/ast.go,exprNode,位置,508,signature,(),ctype,ArrayType,line,508,access,private
v,文件名,go/ast/ast.go,go/ast/ast.go
v,方法,exprNode,exprNode
e,方法定义,go/ast/ast.go,exprNode,位置,509,access,private,signature,(),ctype,StructType,line,509
v,文件名,go/ast/ast.go,go/ast/ast.go
v,方法,exprNode,exprNode
e,方法定义,go/ast/ast.go,exprNode,位置,510,line,510,access,private,signature,(),ctype,FuncType
v,文件名,go/ast/ast.go,go/ast/ast.go
v,方法,exprNode,exprNode
e,方法定义,go/ast/ast.go,exprNode,位置,511,ctype,InterfaceType,line,511,access,private,signature,()
v,文件名,go/ast/ast.go,go/ast/ast.go
v,方法,exprNode,exprNode
e,方法定义,go/ast/ast.go,exprNode,位置,512,line,512,access,private,signature,(),ctype,MapType
v,文件名,go/ast/ast.go,go/ast/ast.go
v,方法,exprNode,exprNode
e,方法定义,go/ast/ast.go,exprNode,位置,513,access,private,signature,(),ctype,ChanType,line,513
v,文件名,go/ast/ast.go,go/ast/ast.go
v,函数,NewIdent,NewIdent
e,函数定义,go/ast/ast.go,NewIdent,位置,521,type,*Ident,ctype,Ident,line,521,access,public,signature,(name string)
v,文件名,go/ast/ast.go,go/ast/ast.go
v,函数,IsExported,IsExported
e,函数定义,go/ast/ast.go,IsExported,位置,526,line,526,access,public,signature,(name string),type,bool
v,文件名,go/ast/ast.go,go/ast/ast.go
v,方法,IsExported,IsExported
e,方法定义,go/ast/ast.go,IsExported,位置,534,line,534,access,public,signature,(),type,bool,ctype,Ident
v,文件名,go/ast/ast.go,go/ast/ast.go
v,方法,String,String
e,方法定义,go/ast/ast.go,String,位置,536,access,public,signature,(),type,string,ctype,Ident,line,536
v,文件名,go/ast/ast.go,go/ast/ast.go
v,方法,Pos,Pos
e,方法定义,go/ast/ast.go,Pos,位置,713,type,token.Pos,ctype,BadStmt,line,713,access,public,signature,()
v,文件名,go/ast/ast.go,go/ast/ast.go
v,方法,Pos,Pos
e,方法定义,go/ast/ast.go,Pos,位置,714,signature,(),type,token.Pos,ctype,DeclStmt,line,714,access,public
v,文件名,go/ast/ast.go,go/ast/ast.go
v,方法,Pos,Pos
e,方法定义,go/ast/ast.go,Pos,位置,715,ctype,EmptyStmt,line,715,access,public,signature,(),type,token.Pos
v,文件名,go/ast/ast.go,go/ast/ast.go
v,方法,Pos,Pos
e,方法定义,go/ast/ast.go,Pos,位置,716,line,716,access,public,signature,(),type,token.Pos,ctype,LabeledStmt
v,文件名,go/ast/ast.go,go/ast/ast.go
v,方法,Pos,Pos
e,方法定义,go/ast/ast.go,Pos,位置,717,ctype,ExprStmt,line,717,access,public,signature,(),type,token.Pos
v,文件名,go/ast/ast.go,go/ast/ast.go
v,方法,Pos,Pos
e,方法定义,go/ast/ast.go,Pos,位置,718,type,token.Pos,ctype,SendStmt,line,718,access,public,signature,()
v,文件名,go/ast/ast.go,go/ast/ast.go
v,方法,Pos,Pos
e,方法定义,go/ast/ast.go,Pos,位置,719,ctype,IncDecStmt,line,719,access,public,signature,(),type,token.Pos
v,文件名,go/ast/ast.go,go/ast/ast.go
v,方法,Pos,Pos
e,方法定义,go/ast/ast.go,Pos,位置,720,access,public,signature,(),type,token.Pos,ctype,AssignStmt,line,720
v,文件名,go/ast/ast.go,go/ast/ast.go
v,方法,Pos,Pos
e,方法定义,go/ast/ast.go,Pos,位置,721,line,721,access,public,signature,(),type,token.Pos,ctype,GoStmt
v,文件名,go/ast/ast.go,go/ast/ast.go
v,方法,Pos,Pos
e,方法定义,go/ast/ast.go,Pos,位置,722,ctype,DeferStmt,line,722,access,public,signature,(),type,token.Pos
v,文件名,go/ast/ast.go,go/ast/ast.go
v,方法,Pos,Pos
e,方法定义,go/ast/ast.go,Pos,位置,723,line,723,access,public,signature,(),type,token.Pos,ctype,ReturnStmt
v,文件名,go/ast/ast.go,go/ast/ast.go
v,方法,Pos,Pos
e,方法定义,go/ast/ast.go,Pos,位置,724,ctype,BranchStmt,line,724,access,public,signature,(),type,token.Pos
v,文件名,go/ast/ast.go,go/ast/ast.go
v,方法,Pos,Pos
e,方法定义,go/ast/ast.go,Pos,位置,725,type,token.Pos,ctype,BlockStmt,line,725,access,public,signature,()
v,文件名,go/ast/ast.go,go/ast/ast.go
v,方法,Pos,Pos
e,方法定义,go/ast/ast.go,Pos,位置,726,line,726,access,public,signature,(),type,token.Pos,ctype,IfStmt
v,文件名,go/ast/ast.go,go/ast/ast.go
v,方法,Pos,Pos
e,方法定义,go/ast/ast.go,Pos,位置,727,line,727,access,public,signature,(),type,token.Pos,ctype,CaseClause
v,文件名,go/ast/ast.go,go/ast/ast.go
v,方法,Pos,Pos
e,方法定义,go/ast/ast.go,Pos,位置,728,line,728,access,public,signature,(),type,token.Pos,ctype,SwitchStmt
v,文件名,go/ast/ast.go,go/ast/ast.go
v,方法,Pos,Pos
e,方法定义,go/ast/ast.go,Pos,位置,729,signature,(),type,token.Pos,ctype,TypeSwitchStmt,line,729,access,public
v,文件名,go/ast/ast.go,go/ast/ast.go
v,方法,Pos,Pos
e,方法定义,go/ast/ast.go,Pos,位置,730,line,730,access,public,signature,(),type,token.Pos,ctype,CommClause
v,文件名,go/ast/ast.go,go/ast/ast.go
v,方法,Pos,Pos
e,方法定义,go/ast/ast.go,Pos,位置,731,line,731,access,public,signature,(),type,token.Pos,ctype,SelectStmt
v,文件名,go/ast/ast.go,go/ast/ast.go
v,方法,Pos,Pos
e,方法定义,go/ast/ast.go,Pos,位置,732,ctype,ForStmt,line,732,access,public,signature,(),type,token.Pos
v,文件名,go/ast/ast.go,go/ast/ast.go
v,方法,Pos,Pos
e,方法定义,go/ast/ast.go,Pos,位置,733,line,733,access,public,signature,(),type,token.Pos,ctype,RangeStmt
v,文件名,go/ast/ast.go,go/ast/ast.go
v,方法,End,End
e,方法定义,go/ast/ast.go,End,位置,735,line,735,access,public,signature,(),type,token.Pos,ctype,BadStmt
v,文件名,go/ast/ast.go,go/ast/ast.go
v,方法,End,End
e,方法定义,go/ast/ast.go,End,位置,736,ctype,DeclStmt,line,736,access,public,signature,(),type,token.Pos
v,文件名,go/ast/ast.go,go/ast/ast.go
v,方法,End,End
e,方法定义,go/ast/ast.go,End,位置,737,signature,(),type,token.Pos,ctype,EmptyStmt,line,737,access,public
v,文件名,go/ast/ast.go,go/ast/ast.go
v,方法,End,End
e,方法定义,go/ast/ast.go,End,位置,743,line,743,access,public,signature,(),type,token.Pos,ctype,LabeledStmt
v,文件名,go/ast/ast.go,go/ast/ast.go
v,方法,End,End
e,方法定义,go/ast/ast.go,End,位置,744,line,744,access,public,signature,(),type,token.Pos,ctype,ExprStmt
v,文件名,go/ast/ast.go,go/ast/ast.go
v,方法,End,End
e,方法定义,go/ast/ast.go,End,位置,745,line,745,access,public,signature,(),type,token.Pos,ctype,SendStmt
v,文件名,go/ast/ast.go,go/ast/ast.go
v,方法,End,End
e,方法定义,go/ast/ast.go,End,位置,746,line,746,access,public,signature,(),type,token.Pos,ctype,IncDecStmt
v,文件名,go/ast/ast.go,go/ast/ast.go
v,方法,End,End
e,方法定义,go/ast/ast.go,End,位置,749,line,749,access,public,signature,(),type,token.Pos,ctype,AssignStmt
v,文件名,go/ast/ast.go,go/ast/ast.go
v,方法,End,End
e,方法定义,go/ast/ast.go,End,位置,750,line,750,access,public,signature,(),type,token.Pos,ctype,GoStmt
v,文件名,go/ast/ast.go,go/ast/ast.go
v,方法,End,End
e,方法定义,go/ast/ast.go,End,位置,751,type,token.Pos,ctype,DeferStmt,line,751,access,public,signature,()
v,文件名,go/ast/ast.go,go/ast/ast.go
v,方法,End,End
e,方法定义,go/ast/ast.go,End,位置,752,access,public,signature,(),type,token.Pos,ctype,ReturnStmt,line,752
v,文件名,go/ast/ast.go,go/ast/ast.go
v,方法,End,End
e,方法定义,go/ast/ast.go,End,位置,758,type,token.Pos,ctype,BranchStmt,line,758,access,public,signature,()
v,文件名,go/ast/ast.go,go/ast/ast.go
v,方法,End,End
e,方法定义,go/ast/ast.go,End,位置,764,access,public,signature,(),type,token.Pos,ctype,BlockStmt,line,764
v,文件名,go/ast/ast.go,go/ast/ast.go
v,方法,End,End
e,方法定义,go/ast/ast.go,End,位置,765,access,public,signature,(),type,token.Pos,ctype,IfStmt,line,765
v,文件名,go/ast/ast.go,go/ast/ast.go
v,方法,End,End
e,方法定义,go/ast/ast.go,End,位置,771,type,token.Pos,ctype,CaseClause,line,771,access,public,signature,()
v,文件名,go/ast/ast.go,go/ast/ast.go
v,方法,End,End
e,方法定义,go/ast/ast.go,End,位置,777,type,token.Pos,ctype,SwitchStmt,line,777,access,public,signature,()
v,文件名,go/ast/ast.go,go/ast/ast.go
v,方法,End,End
e,方法定义,go/ast/ast.go,End,位置,778,line,778,access,public,signature,(),type,token.Pos,ctype,TypeSwitchStmt
v,文件名,go/ast/ast.go,go/ast/ast.go
v,方法,End,End
e,方法定义,go/ast/ast.go,End,位置,779,type,token.Pos,ctype,CommClause,line,779,access,public,signature,()
v,文件名,go/ast/ast.go,go/ast/ast.go
v,方法,End,End
e,方法定义,go/ast/ast.go,End,位置,785,line,785,access,public,signature,(),type,token.Pos,ctype,SelectStmt
v,文件名,go/ast/ast.go,go/ast/ast.go
v,方法,End,End
e,方法定义,go/ast/ast.go,End,位置,786,access,public,signature,(),type,token.Pos,ctype,ForStmt,line,786
v,文件名,go/ast/ast.go,go/ast/ast.go
v,方法,End,End
e,方法定义,go/ast/ast.go,End,位置,787,access,public,signature,(),type,token.Pos,ctype,RangeStmt,line,787
v,文件名,go/ast/ast.go,go/ast/ast.go
v,方法,stmtNode,stmtNode
e,方法定义,go/ast/ast.go,stmtNode,位置,792,ctype,BadStmt,line,792,access,private,signature,()
v,文件名,go/ast/ast.go,go/ast/ast.go
v,方法,stmtNode,stmtNode
e,方法定义,go/ast/ast.go,stmtNode,位置,793,line,793,access,private,signature,(),ctype,DeclStmt
v,文件名,go/ast/ast.go,go/ast/ast.go
v,方法,stmtNode,stmtNode
e,方法定义,go/ast/ast.go,stmtNode,位置,794,line,794,access,private,signature,(),ctype,EmptyStmt
v,文件名,go/ast/ast.go,go/ast/ast.go
v,方法,stmtNode,stmtNode
e,方法定义,go/ast/ast.go,stmtNode,位置,795,ctype,LabeledStmt,line,795,access,private,signature,()
v,文件名,go/ast/ast.go,go/ast/ast.go
v,方法,stmtNode,stmtNode
e,方法定义,go/ast/ast.go,stmtNode,位置,796,line,796,access,private,signature,(),ctype,ExprStmt
v,文件名,go/ast/ast.go,go/ast/ast.go
v,方法,stmtNode,stmtNode
e,方法定义,go/ast/ast.go,stmtNode,位置,797,line,797,access,private,signature,(),ctype,SendStmt
v,文件名,go/ast/ast.go,go/ast/ast.go
v,方法,stmtNode,stmtNode
e,方法定义,go/ast/ast.go,stmtNode,位置,798,ctype,IncDecStmt,line,798,access,private,signature,()
v,文件名,go/ast/ast.go,go/ast/ast.go
v,方法,stmtNode,stmtNode
e,方法定义,go/ast/ast.go,stmtNode,位置,799,ctype,AssignStmt,line,799,access,private,signature,()
v,文件名,go/ast/ast.go,go/ast/ast.go
v,方法,stmtNode,stmtNode
e,方法定义,go/ast/ast.go,stmtNode,位置,800,access,private,signature,(),ctype,GoStmt,line,800
v,文件名,go/ast/ast.go,go/ast/ast.go
v,方法,stmtNode,stmtNode
e,方法定义,go/ast/ast.go,stmtNode,位置,801,line,801,access,private,signature,(),ctype,DeferStmt
v,文件名,go/ast/ast.go,go/ast/ast.go
v,方法,stmtNode,stmtNode
e,方法定义,go/ast/ast.go,stmtNode,位置,802,ctype,ReturnStmt,line,802,access,private,signature,()
v,文件名,go/ast/ast.go,go/ast/ast.go
v,方法,stmtNode,stmtNode
e,方法定义,go/ast/ast.go,stmtNode,位置,803,ctype,BranchStmt,line,803,access,private,signature,()
v,文件名,go/ast/ast.go,go/ast/ast.go
v,方法,stmtNode,stmtNode
e,方法定义,go/ast/ast.go,stmtNode,位置,804,line,804,access,private,signature,(),ctype,BlockStmt
v,文件名,go/ast/ast.go,go/ast/ast.go
v,方法,stmtNode,stmtNode
e,方法定义,go/ast/ast.go,stmtNode,位置,805,line,805,access,private,signature,(),ctype,IfStmt
v,文件名,go/ast/ast.go,go/ast/ast.go
v,方法,stmtNode,stmtNode
e,方法定义,go/ast/ast.go,stmtNode,位置,806,signature,(),ctype,CaseClause,line,806,access,private
v,文件名,go/ast/ast.go,go/ast/ast.go
v,方法,stmtNode,stmtNode
e,方法定义,go/ast/ast.go,stmtNode,位置,807,access,private,signature,(),ctype,SwitchStmt,line,807
v,文件名,go/ast/ast.go,go/ast/ast.go
v,方法,stmtNode,stmtNode
e,方法定义,go/ast/ast.go,stmtNode,位置,808,access,private,signature,(),ctype,TypeSwitchStmt,line,808
v,文件名,go/ast/ast.go,go/ast/ast.go
v,方法,stmtNode,stmtNode
e,方法定义,go/ast/ast.go,stmtNode,位置,809,line,809,access,private,signature,(),ctype,CommClause
v,文件名,go/ast/ast.go,go/ast/ast.go
v,方法,stmtNode,stmtNode
e,方法定义,go/ast/ast.go,stmtNode,位置,810,line,810,access,private,signature,(),ctype,SelectStmt
v,文件名,go/ast/ast.go,go/ast/ast.go
v,方法,stmtNode,stmtNode
e,方法定义,go/ast/ast.go,stmtNode,位置,811,line,811,access,private,signature,(),ctype,ForStmt
v,文件名,go/ast/ast.go,go/ast/ast.go
v,方法,stmtNode,stmtNode
e,方法定义,go/ast/ast.go,stmtNode,位置,812,line,812,access,private,signature,(),ctype,RangeStmt
v,文件名,go/ast/ast.go,go/ast/ast.go
v,方法,Pos,Pos
e,方法定义,go/ast/ast.go,Pos,位置,859,type,token.Pos,ctype,ImportSpec,line,859,access,public,signature,()
v,文件名,go/ast/ast.go,go/ast/ast.go
v,方法,Pos,Pos
e,方法定义,go/ast/ast.go,Pos,位置,865,signature,(),type,token.Pos,ctype,ValueSpec,line,865,access,public
v,文件名,go/ast/ast.go,go/ast/ast.go
v,方法,Pos,Pos
e,方法定义,go/ast/ast.go,Pos,位置,866,line,866,access,public,signature,(),type,token.Pos,ctype,TypeSpec
v,文件名,go/ast/ast.go,go/ast/ast.go
v,方法,End,End
e,方法定义,go/ast/ast.go,End,位置,868,line,868,access,public,signature,(),type,token.Pos,ctype,ImportSpec
v,文件名,go/ast/ast.go,go/ast/ast.go
v,方法,End,End
e,方法定义,go/ast/ast.go,End,位置,875,line,875,access,public,signature,(),type,token.Pos,ctype,ValueSpec
v,文件名,go/ast/ast.go,go/ast/ast.go
v,方法,End,End
e,方法定义,go/ast/ast.go,End,位置,884,signature,(),type,token.Pos,ctype,TypeSpec,line,884,access,public
v,文件名,go/ast/ast.go,go/ast/ast.go
v,方法,specNode,specNode
e,方法定义,go/ast/ast.go,specNode,位置,889,line,889,access,private,signature,(),ctype,ImportSpec
v,文件名,go/ast/ast.go,go/ast/ast.go
v,方法,specNode,specNode
e,方法定义,go/ast/ast.go,specNode,位置,890,access,private,signature,(),ctype,ValueSpec,line,890
v,文件名,go/ast/ast.go,go/ast/ast.go
v,方法,specNode,specNode
e,方法定义,go/ast/ast.go,specNode,位置,891,line,891,access,private,signature,(),ctype,TypeSpec
v,文件名,go/ast/ast.go,go/ast/ast.go
v,方法,Pos,Pos
e,方法定义,go/ast/ast.go,Pos,位置,936,line,936,access,public,signature,(),type,token.Pos,ctype,BadDecl
v,文件名,go/ast/ast.go,go/ast/ast.go
v,方法,Pos,Pos
e,方法定义,go/ast/ast.go,Pos,位置,937,line,937,access,public,signature,(),type,token.Pos,ctype,GenDecl
v,文件名,go/ast/ast.go,go/ast/ast.go
v,方法,Pos,Pos
e,方法定义,go/ast/ast.go,Pos,位置,938,signature,(),type,token.Pos,ctype,FuncDecl,line,938,access,public
v,文件名,go/ast/ast.go,go/ast/ast.go
v,方法,End,End
e,方法定义,go/ast/ast.go,End,位置,940,line,940,access,public,signature,(),type,token.Pos,ctype,BadDecl
v,文件名,go/ast/ast.go,go/ast/ast.go
v,方法,End,End
e,方法定义,go/ast/ast.go,End,位置,941,line,941,access,public,signature,(),type,token.Pos,ctype,GenDecl
v,文件名,go/ast/ast.go,go/ast/ast.go
v,方法,End,End
e,方法定义,go/ast/ast.go,End,位置,947,ctype,FuncDecl,line,947,access,public,signature,(),type,token.Pos
v,文件名,go/ast/ast.go,go/ast/ast.go
v,方法,declNode,declNode
e,方法定义,go/ast/ast.go,declNode,位置,957,line,957,access,private,signature,(),ctype,BadDecl
v,文件名,go/ast/ast.go,go/ast/ast.go
v,方法,declNode,declNode
e,方法定义,go/ast/ast.go,declNode,位置,958,line,958,access,private,signature,(),ctype,GenDecl
v,文件名,go/ast/ast.go,go/ast/ast.go
v,方法,declNode,declNode
e,方法定义,go/ast/ast.go,declNode,位置,959,ctype,FuncDecl,line,959,access,private,signature,()
v,文件名,go/ast/ast.go,go/ast/ast.go
v,方法,Pos,Pos
e,方法定义,go/ast/ast.go,Pos,位置,994,ctype,File,line,994,access,public,signature,(),type,token.Pos
v,文件名,go/ast/ast.go,go/ast/ast.go
v,方法,End,End
e,方法定义,go/ast/ast.go,End,位置,995,signature,(),type,token.Pos,ctype,File,line,995,access,public
v,文件名,go/ast/ast.go,go/ast/ast.go
v,方法,Pos,Pos
e,方法定义,go/ast/ast.go,Pos,位置,1012,type,token.Pos,ctype,Package,line,1012,access,public,signature,()
v,文件名,go/ast/ast.go,go/ast/ast.go
v,方法,End,End
e,方法定义,go/ast/ast.go,End,位置,1013,signature,(),type,token.Pos,ctype,Package,line,1013,access,public
v,文件名,go/ast/ast_test.go,go/ast/ast_test.go
v,包,ast,ast
e,包含,ast,go/ast/ast_test.go,位置,5,line,5
v,文件名,go/ast/ast_test.go,go/ast/ast_test.go
v,包,testing,testing
e,依赖,go/ast/ast_test.go,testing,位置,8,line,8
v,文件名,go/ast/ast_test.go,go/ast/ast_test.go
v,变量,comments,comments
e,变量定义,go/ast/ast_test.go,comments,位置,11,line,11,access,private
v,文件名,go/ast/ast_test.go,go/ast/ast_test.go
v,函数,TestCommentText,TestCommentText
e,函数定义,go/ast/ast_test.go,TestCommentText,位置,38,line,38,access,public,signature,(t *testing.T)
v,文件名,go/ast/commentmap.go,go/ast/commentmap.go
v,包,ast,ast
e,包含,ast,go/ast/commentmap.go,位置,5,line,5
v,文件名,go/ast/commentmap.go,go/ast/commentmap.go
v,包,bytes,bytes
e,依赖,go/ast/commentmap.go,bytes,位置,8,line,8
v,文件名,go/ast/commentmap.go,go/ast/commentmap.go
v,包,fmt,fmt
e,依赖,go/ast/commentmap.go,fmt,位置,9,line,9
v,文件名,go/ast/commentmap.go,go/ast/commentmap.go
v,包,go/token,go/token
e,依赖,go/ast/commentmap.go,go/token,位置,10,line,10
v,文件名,go/ast/commentmap.go,go/ast/commentmap.go
v,包,sort,sort
e,依赖,go/ast/commentmap.go,sort,位置,11,line,11
v,文件名,go/ast/commentmap.go,go/ast/commentmap.go
v,类型,byPos,byPos
e,类型定义,go/ast/commentmap.go,byPos,位置,14,line,14,access,private,type,[]*CommentGroup
v,文件名,go/ast/commentmap.go,go/ast/commentmap.go
v,类型,CommentMap,CommentMap
e,类型定义,go/ast/commentmap.go,CommentMap,位置,35,line,35,access,public,type,map[Node][]*CommentGroup
v,文件名,go/ast/commentmap.go,go/ast/commentmap.go
v,类型,byInterval,byInterval
e,类型定义,go/ast/commentmap.go,byInterval,位置,47,type,[]Node,line,47,access,private
v,文件名,go/ast/commentmap.go,go/ast/commentmap.go
v,字段,fset,fset
e,字段定义,go/ast/commentmap.go,fset,位置,80,ctype,commentListReader,type,*token.FileSet,line,80,access,private
v,文件名,go/ast/commentmap.go,go/ast/commentmap.go
v,字段,list,list
e,字段定义,go/ast/commentmap.go,list,位置,81,line,81,access,private,ctype,commentListReader,type,[]*CommentGroup
v,文件名,go/ast/commentmap.go,go/ast/commentmap.go
v,字段,index,index
e,字段定义,go/ast/commentmap.go,index,位置,82,line,82,access,private,ctype,commentListReader,type,int
v,文件名,go/ast/commentmap.go,go/ast/commentmap.go
v,字段,comment,comment
e,字段定义,go/ast/commentmap.go,comment,位置,83,access,private,ctype,commentListReader,type,*CommentGroup,line,83
v,文件名,go/ast/commentmap.go,go/ast/commentmap.go
v,字段,pos,pos
e,字段定义,go/ast/commentmap.go,pos,位置,84,line,84,access,private,ctype,commentListReader,type,token.Position
v,文件名,go/ast/commentmap.go,go/ast/commentmap.go
v,字段,end,end
e,字段定义,go/ast/commentmap.go,end,位置,84,line,84,access,private,ctype,commentListReader,type,token.Position
v,文件名,go/ast/commentmap.go,go/ast/commentmap.go
v,类型,commentListReader,commentListReader
e,类型定义,go/ast/commentmap.go,commentListReader,位置,79,line,79,access,private,type,struct
v,文件名,go/ast/commentmap.go,go/ast/commentmap.go
v,类型,nodeStack,nodeStack
e,类型定义,go/ast/commentmap.go,nodeStack,位置,103,line,103,access,private,type,[]Node
v,文件名,go/ast/commentmap.go,go/ast/commentmap.go
v,方法,Len,Len
e,方法定义,go/ast/commentmap.go,Len,位置,16,line,16,access,public,signature,(),type,int,ctype,byPos
v,文件名,go/ast/commentmap.go,go/ast/commentmap.go
v,方法,Less,Less
e,方法定义,go/ast/commentmap.go,Less,位置,17,line,17,access,public,signature,"(i, j int)",type,bool,ctype,byPos
v,文件名,go/ast/commentmap.go,go/ast/commentmap.go
v,方法,Swap,Swap
e,方法定义,go/ast/commentmap.go,Swap,位置,18,line,18,access,public,signature,"(i, j int)",ctype,byPos
v,文件名,go/ast/commentmap.go,go/ast/commentmap.go
v,函数,sortComments,sortComments
e,函数定义,go/ast/commentmap.go,sortComments,位置,22,line,22,access,private,signature,(list []*CommentGroup)
v,文件名,go/ast/commentmap.go,go/ast/commentmap.go
v,方法,addComment,addComment
e,方法定义,go/ast/commentmap.go,addComment,位置,37,ctype,CommentMap,line,37,access,private,signature,"(n Node, c *CommentGroup)"
v,文件名,go/ast/commentmap.go,go/ast/commentmap.go
v,方法,Len,Len
e,方法定义,go/ast/commentmap.go,Len,位置,49,line,49,access,public,signature,(),type,int,ctype,byInterval
v,文件名,go/ast/commentmap.go,go/ast/commentmap.go
v,方法,Less,Less
e,方法定义,go/ast/commentmap.go,Less,位置,50,access,public,signature,"(i, j int)",type,bool,ctype,byInterval,line,50
v,文件名,go/ast/commentmap.go,go/ast/commentmap.go
v,方法,Swap,Swap
e,方法定义,go/ast/commentmap.go,Swap,位置,54,ctype,byInterval,line,54,access,public,signature,"(i, j int)"
v,文件名,go/ast/commentmap.go,go/ast/commentmap.go
v,函数,nodeList,nodeList
e,函数定义,go/ast/commentmap.go,nodeList,位置,58,line,58,access,private,signature,(n Node),type,[]Node
v,文件名,go/ast/commentmap.go,go/ast/commentmap.go
v,方法,eol,eol
e,方法定义,go/ast/commentmap.go,eol,位置,87,type,bool,ctype,commentListReader,line,87,access,private,signature,()
v,文件名,go/ast/commentmap.go,go/ast/commentmap.go
v,方法,next,next
e,方法定义,go/ast/commentmap.go,next,位置,91,ctype,commentListReader,line,91,access,private,signature,()
v,文件名,go/ast/commentmap.go,go/ast/commentmap.go
v,方法,push,push
e,方法定义,go/ast/commentmap.go,push,位置,108,line,108,access,private,signature,(n Node),ctype,nodeStack
v,文件名,go/ast/commentmap.go,go/ast/commentmap.go
v,方法,pop,pop
e,方法定义,go/ast/commentmap.go,pop,位置,117,line,117,access,private,signature,(pos token.Pos),type,Node,ctype,nodeStack
v,文件名,go/ast/commentmap.go,go/ast/commentmap.go
v,函数,NewCommentMap,NewCommentMap
e,函数定义,go/ast/commentmap.go,NewCommentMap,位置,143,access,public,signature,"(fset *token.FileSet, node Node, comments []*CommentGroup)",type,CommentMap,line,143
v,文件名,go/ast/commentmap.go,go/ast/commentmap.go
v,方法,Update,Update
e,方法定义,go/ast/commentmap.go,Update,位置,246,type,Node,ctype,CommentMap,line,246,access,public,signature,"(old, new Node)"
v,文件名,go/ast/commentmap.go,go/ast/commentmap.go
v,方法,Filter,Filter
e,方法定义,go/ast/commentmap.go,Filter,位置,258,type,CommentMap,ctype,CommentMap,line,258,access,public,signature,(node Node)
v,文件名,go/ast/commentmap.go,go/ast/commentmap.go
v,方法,Comments,Comments
e,方法定义,go/ast/commentmap.go,Comments,位置,272,line,272,access,public,signature,(),type,[]*CommentGroup,ctype,CommentMap
v,文件名,go/ast/commentmap.go,go/ast/commentmap.go
v,函数,summary,summary
e,函数定义,go/ast/commentmap.go,summary,位置,281,line,281,access,private,signature,(list []*CommentGroup),type,string
v,文件名,go/ast/commentmap.go,go/ast/commentmap.go
v,方法,String,String
e,方法定义,go/ast/commentmap.go,String,位置,317,line,317,access,public,signature,(),type,string,ctype,CommentMap
v,文件名,go/ast/commentmap_test.go,go/ast/commentmap_test.go
v,包,ast_test,ast_test
e,包含,ast_test,go/ast/commentmap_test.go,位置,7,line,7
v,文件名,go/ast/commentmap_test.go,go/ast/commentmap_test.go
v,包,bytes,bytes
e,依赖,go/ast/commentmap_test.go,bytes,位置,10,line,10
v,文件名,go/ast/commentmap_test.go,go/ast/commentmap_test.go
v,包,fmt,fmt
e,依赖,go/ast/commentmap_test.go,fmt,位置,11,line,11
v,文件名,go/ast/commentmap_test.go,go/ast/commentmap_test.go
v,包,go/ast,go/ast
e,依赖,go/ast/commentmap_test.go,go/ast,位置,12,line,12
v,文件名,go/ast/commentmap_test.go,go/ast/commentmap_test.go
v,包,go/parser,go/parser
e,依赖,go/ast/commentmap_test.go,go/parser,位置,13,line,13
v,文件名,go/ast/commentmap_test.go,go/ast/commentmap_test.go
v,包,go/token,go/token
e,依赖,go/ast/commentmap_test.go,go/token,位置,14,line,14
v,文件名,go/ast/commentmap_test.go,go/ast/commentmap_test.go
v,包,sort,sort
e,依赖,go/ast/commentmap_test.go,sort,位置,15,line,15
v,文件名,go/ast/commentmap_test.go,go/ast/commentmap_test.go
v,包,testing,testing
e,依赖,go/ast/commentmap_test.go,testing,位置,16,line,16
v,文件名,go/ast/commentmap_test.go,go/ast/commentmap_test.go
v,常量,src,src
e,常量定义,go/ast/commentmap_test.go,src,位置,19,line,19,access,private
v,文件名,go/ast/commentmap_test.go,go/ast/commentmap_test.go
v,变量,res,res
e,变量定义,go/ast/commentmap_test.go,res,位置,77,line,77,access,private
v,文件名,go/ast/commentmap_test.go,go/ast/commentmap_test.go
v,函数,ctext,ctext
e,函数定义,go/ast/commentmap_test.go,ctext,位置,97,line,97,access,private,signature,(list []*CommentGroup),type,string
v,文件名,go/ast/commentmap_test.go,go/ast/commentmap_test.go
v,函数,TestCommentMap,TestCommentMap
e,函数定义,go/ast/commentmap_test.go,TestCommentMap,位置,105,signature,(t *testing.T),line,105,access,public
v,文件名,go/ast/example_test.go,go/ast/example_test.go
v,包,ast_test,ast_test
e,包含,ast_test,go/ast/example_test.go,位置,5,line,5
v,文件名,go/ast/example_test.go,go/ast/example_test.go
v,包,bytes,bytes
e,依赖,go/ast/example_test.go,bytes,位置,8,line,8
v,文件名,go/ast/example_test.go,go/ast/example_test.go
v,包,fmt,fmt
e,依赖,go/ast/example_test.go,fmt,位置,9,line,9
v,文件名,go/ast/example_test.go,go/ast/example_test.go
v,包,go/ast,go/ast
e,依赖,go/ast/example_test.go,go/ast,位置,10,line,10
v,文件名,go/ast/example_test.go,go/ast/example_test.go
v,包,go/format,go/format
e,依赖,go/ast/example_test.go,go/format,位置,11,line,11
v,文件名,go/ast/example_test.go,go/ast/example_test.go
v,包,go/parser,go/parser
e,依赖,go/ast/example_test.go,go/parser,位置,12,line,12
v,文件名,go/ast/example_test.go,go/ast/example_test.go
v,包,go/token,go/token
e,依赖,go/ast/example_test.go,go/token,位置,13,line,13
v,文件名,go/ast/example_test.go,go/ast/example_test.go
v,函数,ExampleInspect,ExampleInspect
e,函数定义,go/ast/example_test.go,ExampleInspect,位置,17,signature,(),line,17,access,public
v,文件名,go/ast/example_test.go,go/ast/example_test.go
v,函数,ExamplePrint,ExamplePrint
e,函数定义,go/ast/example_test.go,ExamplePrint,位置,59,access,public,signature,(),line,59
v,文件名,go/ast/example_test.go,go/ast/example_test.go
v,函数,ExampleCommentMap,ExampleCommentMap
e,函数定义,go/ast/example_test.go,ExampleCommentMap,位置,143,line,143,access,public,signature,()
v,文件名,go/ast/filter.go,go/ast/filter.go
v,包,ast,ast
e,包含,ast,go/ast/filter.go,位置,5,line,5
v,文件名,go/ast/filter.go,go/ast/filter.go
v,包,go/token,go/token
e,依赖,go/ast/filter.go,go/token,位置,8,line,8
v,文件名,go/ast/filter.go,go/ast/filter.go
v,包,sort,sort
e,依赖,go/ast/filter.go,sort,位置,9,line,9
v,文件名,go/ast/filter.go,go/ast/filter.go
v,类型,Filter,Filter
e,类型定义,go/ast/filter.go,Filter,位置,46,line,46,access,public,type,func(string) bool
v,文件名,go/ast/filter.go,go/ast/filter.go
v,类型,MergeMode,MergeMode
e,类型定义,go/ast/filter.go,MergeMode,位置,274,line,274,access,public,type,uint
v,文件名,go/ast/filter.go,go/ast/filter.go
v,常量,FilterFuncDuplicates,FilterFuncDuplicates
e,常量定义,go/ast/filter.go,FilterFuncDuplicates,位置,278,line,278,access,public,type,MergeMode
v,文件名,go/ast/filter.go,go/ast/filter.go
v,常量,FilterUnassociatedComments,FilterUnassociatedComments
e,常量定义,go/ast/filter.go,FilterUnassociatedComments,位置,281,access,public,line,281
v,文件名,go/ast/filter.go,go/ast/filter.go
v,常量,FilterImportDuplicates,FilterImportDuplicates
e,常量定义,go/ast/filter.go,FilterImportDuplicates,位置,283,line,283,access,public
v,文件名,go/ast/filter.go,go/ast/filter.go
v,变量,separator,separator
e,变量定义,go/ast/filter.go,separator,位置,310,line,310,access,private
v,文件名,go/ast/filter.go,go/ast/filter.go
v,函数,exportFilter,exportFilter
e,函数定义,go/ast/filter.go,exportFilter,位置,16,type,bool,line,16,access,private,signature,(name string)
v,文件名,go/ast/filter.go,go/ast/filter.go
v,函数,FileExports,FileExports
e,函数定义,go/ast/filter.go,FileExports,位置,28,line,28,access,public,signature,(src *File),type,bool
v,文件名,go/ast/filter.go,go/ast/filter.go
v,函数,PackageExports,PackageExports
e,函数定义,go/ast/filter.go,PackageExports,位置,39,line,39,access,public,signature,(pkg *Package),type,bool
v,文件名,go/ast/filter.go,go/ast/filter.go
v,函数,filterIdentList,filterIdentList
e,函数定义,go/ast/filter.go,filterIdentList,位置,48,line,48,access,private,signature,"(list []*Ident, f Filter)",type,[]*Ident
v,文件名,go/ast/filter.go,go/ast/filter.go
v,函数,fieldName,fieldName
e,函数定义,go/ast/filter.go,fieldName,位置,63,line,63,access,private,signature,(x Expr),type,*Ident
v,文件名,go/ast/filter.go,go/ast/filter.go
v,函数,filterFieldList,filterFieldList
e,函数定义,go/ast/filter.go,filterFieldList,位置,77,type,bool,line,77,access,private,signature,"(fields *FieldList, filter Filter, export bool)"
v,文件名,go/ast/filter.go,go/ast/filter.go
v,函数,filterParamList,filterParamList
e,函数定义,go/ast/filter.go,filterParamList,位置,112,line,112,access,private,signature,"(fields *FieldList, filter Filter, export bool)",type,bool
v,文件名,go/ast/filter.go,go/ast/filter.go
v,函数,filterType,filterType
e,函数定义,go/ast/filter.go,filterType,位置,125,line,125,access,private,signature,"(typ Expr, f Filter, export bool)",type,bool
v,文件名,go/ast/filter.go,go/ast/filter.go
v,函数,filterSpec,filterSpec
e,函数定义,go/ast/filter.go,filterSpec,位置,157,line,157,access,private,signature,"(spec Spec, f Filter, export bool)",type,bool
v,文件名,go/ast/filter.go,go/ast/filter.go
v,函数,filterSpecList,filterSpecList
e,函数定义,go/ast/filter.go,filterSpecList,位置,186,line,186,access,private,signature,"(list []Spec, f Filter, export bool)",type,[]Spec
v,文件名,go/ast/filter.go,go/ast/filter.go
v,函数,FilterDecl,FilterDecl
e,函数定义,go/ast/filter.go,FilterDecl,位置,204,line,204,access,public,signature,"(decl Decl, f Filter)",type,bool
v,文件名,go/ast/filter.go,go/ast/filter.go
v,函数,filterDecl,filterDecl
e,函数定义,go/ast/filter.go,filterDecl,位置,208,line,208,access,private,signature,"(decl Decl, f Filter, export bool)",type,bool
v,文件名,go/ast/filter.go,go/ast/filter.go
v,函数,FilterFile,FilterFile
e,函数定义,go/ast/filter.go,FilterFile,位置,229,line,229,access,public,signature,"(src *File, f Filter)",type,bool
v,文件名,go/ast/filter.go,go/ast/filter.go
v,函数,filterFile,filterFile
e,函数定义,go/ast/filter.go,filterFile,位置,233,line,233,access,private,signature,"(src *File, f Filter, export bool)",type,bool
v,文件名,go/ast/filter.go,go/ast/filter.go
v,函数,FilterPackage,FilterPackage
e,函数定义,go/ast/filter.go,FilterPackage,位置,256,type,bool,line,256,access,public,signature,"(pkg *Package, f Filter)"
v,文件名,go/ast/filter.go,go/ast/filter.go
v,函数,filterPackage,filterPackage
e,函数定义,go/ast/filter.go,filterPackage,位置,260,type,bool,line,260,access,private,signature,"(pkg *Package, f Filter, export bool)"
v,文件名,go/ast/filter.go,go/ast/filter.go
v,函数,nameOf,nameOf
e,函数定义,go/ast/filter.go,nameOf,位置,290,access,private,signature,(f *FuncDecl),type,string,line,290
v,文件名,go/ast/filter.go,go/ast/filter.go
v,函数,MergePackageFiles,MergePackageFiles
e,函数定义,go/ast/filter.go,MergePackageFiles,位置,315,line,315,access,public,signature,"(pkg *Package, mode MergeMode)",type,*File
v,文件名,go/ast/filter_test.go,go/ast/filter_test.go
v,包,ast_test,ast_test
e,包含,ast_test,go/ast/filter_test.go,位置,7,line,7
v,文件名,go/ast/filter_test.go,go/ast/filter_test.go
v,包,bytes,bytes
e,依赖,go/ast/filter_test.go,bytes,位置,10,line,10
v,文件名,go/ast/filter_test.go,go/ast/filter_test.go
v,包,go/ast,go/ast
e,依赖,go/ast/filter_test.go,go/ast,位置,11,line,11
v,文件名,go/ast/filter_test.go,go/ast/filter_test.go
v,包,go/format,go/format
e,依赖,go/ast/filter_test.go,go/format,位置,12,line,12
v,文件名,go/ast/filter_test.go,go/ast/filter_test.go
v,包,go/parser,go/parser
e,依赖,go/ast/filter_test.go,go/parser,位置,13,line,13
v,文件名,go/ast/filter_test.go,go/ast/filter_test.go
v,包,go/token,go/token
e,依赖,go/ast/filter_test.go,go/token,位置,14,line,14
v,文件名,go/ast/filter_test.go,go/ast/filter_test.go
v,包,testing,testing
e,依赖,go/ast/filter_test.go,testing,位置,15,line,15
v,文件名,go/ast/filter_test.go,go/ast/filter_test.go
v,常量,input,input
e,常量定义,go/ast/filter_test.go,input,位置,18,line,18,access,private
v,文件名,go/ast/filter_test.go,go/ast/filter_test.go
v,常量,golden,golden
e,常量定义,go/ast/filter_test.go,golden,位置,42,line,42,access,private
v,文件名,go/ast/filter_test.go,go/ast/filter_test.go
v,函数,TestFilterDuplicates,TestFilterDuplicates
e,函数定义,go/ast/filter_test.go,TestFilterDuplicates,位置,58,line,58,access,public,signature,(t *testing.T)
v,文件名,go/ast/import.go,go/ast/import.go
v,包,ast,ast
e,包含,ast,go/ast/import.go,位置,5,line,5
v,文件名,go/ast/import.go,go/ast/import.go
v,包,go/token,go/token
e,依赖,go/ast/import.go,go/token,位置,8,line,8
v,文件名,go/ast/import.go,go/ast/import.go
v,包,sort,sort
e,依赖,go/ast/import.go,sort,位置,9,line,9
v,文件名,go/ast/import.go,go/ast/import.go
v,包,strconv,strconv
e,依赖,go/ast/import.go,strconv,位置,10,line,10
v,文件名,go/ast/import.go,go/ast/import.go
v,字段,Start,Start
e,字段定义,go/ast/import.go,Start,位置,88,line,88,access,public,ctype,posSpan,type,token.Pos
v,文件名,go/ast/import.go,go/ast/import.go
v,字段,End,End
e,字段定义,go/ast/import.go,End,位置,89,line,89,access,public,ctype,posSpan,type,token.Pos
v,文件名,go/ast/import.go,go/ast/import.go
v,类型,posSpan,posSpan
e,类型定义,go/ast/import.go,posSpan,位置,87,line,87,access,private,type,struct
v,文件名,go/ast/import.go,go/ast/import.go
v,函数,SortImports,SortImports
e,函数定义,go/ast/import.go,SortImports,位置,15,line,15,access,public,signature,"(fset *token.FileSet, f *File)"
v,文件名,go/ast/import.go,go/ast/import.go
v,函数,importPath,importPath
e,函数定义,go/ast/import.go,importPath,位置,55,access,private,signature,(s Spec),type,string,line,55
v,文件名,go/ast/import.go,go/ast/import.go
v,函数,importName,importName
e,函数定义,go/ast/import.go,importName,位置,63,access,private,signature,(s Spec),type,string,line,63
v,文件名,go/ast/import.go,go/ast/import.go
v,函数,importComment,importComment
e,函数定义,go/ast/import.go,importComment,位置,71,line,71,access,private,signature,(s Spec),type,string
v,文件名,go/ast/import.go,go/ast/import.go
v,函数,collapse,collapse
e,函数定义,go/ast/import.go,collapse,位置,80,line,80,access,private,signature,"(prev, next Spec)",type,bool
v,文件名,go/ast/import.go,go/ast/import.go
v,函数,sortSpecs,sortSpecs
e,函数定义,go/ast/import.go,sortSpecs,位置,92,line,92,access,private,signature,"(fset *token.FileSet, f *File, specs []Spec)",type,[]Spec
v,文件名,go/ast/print.go,go/ast/print.go
v,包,ast,ast
e,包含,ast,go/ast/print.go,位置,7,line,7
v,文件名,go/ast/print.go,go/ast/print.go
v,包,fmt,fmt
e,依赖,go/ast/print.go,fmt,位置,10,line,10
v,文件名,go/ast/print.go,go/ast/print.go
v,包,go/token,go/token
e,依赖,go/ast/print.go,go/token,位置,11,line,11
v,文件名,go/ast/print.go,go/ast/print.go
v,包,io,io
e,依赖,go/ast/print.go,io,位置,12,line,12
v,文件名,go/ast/print.go,go/ast/print.go
v,包,os,os
e,依赖,go/ast/print.go,os,位置,13,line,13
v,文件名,go/ast/print.go,go/ast/print.go
v,包,reflect,reflect
e,依赖,go/ast/print.go,reflect,位置,14,line,14
v,文件名,go/ast/print.go,go/ast/print.go
v,类型,FieldFilter,FieldFilter
e,类型定义,go/ast/print.go,FieldFilter,位置,18,access,public,type,"func(name string, value reflect.Value) bool",line,18
v,文件名,go/ast/print.go,go/ast/print.go
v,字段,output,output
e,字段定义,go/ast/print.go,output,位置,78,line,78,access,private,ctype,printer,type,io.Writer
v,文件名,go/ast/print.go,go/ast/print.go
v,字段,fset,fset
e,字段定义,go/ast/print.go,fset,位置,79,line,79,access,private,ctype,printer,type,*token.FileSet
v,文件名,go/ast/print.go,go/ast/print.go
v,字段,filter,filter
e,字段定义,go/ast/print.go,filter,位置,80,line,80,access,private,ctype,printer,type,FieldFilter
v,文件名,go/ast/print.go,go/ast/print.go
v,字段,ptrmap,ptrmap
e,字段定义,go/ast/print.go,ptrmap,位置,81,line,81,access,private,ctype,printer,type,map[interface{}]int
v,文件名,go/ast/print.go,go/ast/print.go
v,字段,indent,indent
e,字段定义,go/ast/print.go,indent,位置,82,line,82,access,private,ctype,printer,type,int
v,文件名,go/ast/print.go,go/ast/print.go
v,字段,last,last
e,字段定义,go/ast/print.go,last,位置,83,type,byte,line,83,access,private,ctype,printer
v,文件名,go/ast/print.go,go/ast/print.go
v,字段,line,line
e,字段定义,go/ast/print.go,line,位置,84,line,84,access,private,ctype,printer,type,int
v,文件名,go/ast/print.go,go/ast/print.go
v,类型,printer,printer
e,类型定义,go/ast/print.go,printer,位置,77,line,77,access,private,type,struct
v,文件名,go/ast/print.go,go/ast/print.go
v,变量,indent,indent
e,变量定义,go/ast/print.go,indent,位置,87,line,87,access,private
v,文件名,go/ast/print.go,go/ast/print.go
v,字段,err,err
e,字段定义,go/ast/print.go,err,位置,124,line,124,access,private,ctype,localError,type,error
v,文件名,go/ast/print.go,go/ast/print.go
v,类型,localError,localError
e,类型定义,go/ast/print.go,localError,位置,123,line,123,access,private,type,struct
v,文件名,go/ast/print.go,go/ast/print.go
v,函数,NotNilFilter,NotNilFilter
e,函数定义,go/ast/print.go,NotNilFilter,位置,22,line,22,access,public,signature,"(_ string, v reflect.Value)",type,bool
v,文件名,go/ast/print.go,go/ast/print.go
v,函数,Fprint,Fprint
e,函数定义,go/ast/print.go,Fprint,位置,39,line,39,access,public,signature,"(w io.Writer, fset *token.FileSet, x interface{}, f FieldFilter)",type,error
v,文件名,go/ast/print.go,go/ast/print.go
v,函数,fprint,fprint
e,函数定义,go/ast/print.go,fprint,位置,43,access,private,signature,"(w io.Writer, fset *token.FileSet, x interface{}, f FieldFilter)",type,error,line,43
v,文件名,go/ast/print.go,go/ast/print.go
v,函数,Print,Print
e,函数定义,go/ast/print.go,Print,位置,73,line,73,access,public,signature,"(fset *token.FileSet, x interface{})",type,error
v,文件名,go/ast/print.go,go/ast/print.go
v,方法,Write,Write
e,方法定义,go/ast/print.go,Write,位置,89,line,89,access,public,signature,(data []byte),type,"int, error",ctype,printer
v,文件名,go/ast/print.go,go/ast/print.go
v,方法,printf,printf
e,方法定义,go/ast/print.go,printf,位置,128,line,128,access,private,signature,"(format string, args ...interface{})",ctype,printer
v,文件名,go/ast/print.go,go/ast/print.go
v,方法,print,print
e,方法定义,go/ast/print.go,print,位置,143,line,143,access,private,signature,(x reflect.Value),ctype,printer
v,文件名,go/ast/print_test.go,go/ast/print_test.go
v,包,ast,ast
e,包含,ast,go/ast/print_test.go,位置,5,line,5
v,文件名,go/ast/print_test.go,go/ast/print_test.go
v,包,bytes,bytes
e,依赖,go/ast/print_test.go,bytes,位置,8,line,8
v,文件名,go/ast/print_test.go,go/ast/print_test.go
v,包,strings,strings
e,依赖,go/ast/print_test.go,strings,位置,9,line,9
v,文件名,go/ast/print_test.go,go/ast/print_test.go
v,包,testing,testing
e,依赖,go/ast/print_test.go,testing,位置,10,line,10
v,文件名,go/ast/print_test.go,go/ast/print_test.go
v,变量,tests,tests
e,变量定义,go/ast/print_test.go,tests,位置,13,line,13,access,private
v,文件名,go/ast/print_test.go,go/ast/print_test.go
v,函数,trim,trim
e,函数定义,go/ast/print_test.go,trim,位置,73,access,private,signature,(s string),type,string,line,73
v,文件名,go/ast/print_test.go,go/ast/print_test.go
v,函数,TestPrint,TestPrint
e,函数定义,go/ast/print_test.go,TestPrint,位置,86,signature,(t *testing.T),line,86,access,public
v,文件名,go/ast/resolve.go,go/ast/resolve.go
v,包,ast,ast
e,包含,ast,go/ast/resolve.go,位置,7,line,7
v,文件名,go/ast/resolve.go,go/ast/resolve.go
v,包,fmt,fmt
e,依赖,go/ast/resolve.go,fmt,位置,10,line,10
v,文件名,go/ast/resolve.go,go/ast/resolve.go
v,包,go/scanner,go/scanner
e,依赖,go/ast/resolve.go,go/scanner,位置,11,line,11
v,文件名,go/ast/resolve.go,go/ast/resolve.go
v,包,go/token,go/token
e,依赖,go/ast/resolve.go,go/token,位置,12,line,12
v,文件名,go/ast/resolve.go,go/ast/resolve.go
v,包,strconv,strconv
e,依赖,go/ast/resolve.go,strconv,位置,13,line,13
v,文件名,go/ast/resolve.go,go/ast/resolve.go
v,字段,fset,fset
e,字段定义,go/ast/resolve.go,fset,位置,17,type,*token.FileSet,line,17,access,private,ctype,pkgBuilder
v,文件名,go/ast/resolve.go,go/ast/resolve.go
v,字段,errors,errors
e,字段定义,go/ast/resolve.go,errors,位置,18,line,18,access,private,ctype,pkgBuilder,type,scanner.ErrorList
v,文件名,go/ast/resolve.go,go/ast/resolve.go
v,类型,pkgBuilder,pkgBuilder
e,类型定义,go/ast/resolve.go,pkgBuilder,位置,16,line,16,access,private,type,struct
v,文件名,go/ast/resolve.go,go/ast/resolve.go
v,类型,Importer,Importer
e,类型定义,go/ast/resolve.go,Importer,位置,63,access,public,type,"func(imports map[string]*Object, path string) *Object, error",line,63
v,文件名,go/ast/resolve.go,go/ast/resolve.go
v,方法,error,error
e,方法定义,go/ast/resolve.go,error,位置,21,access,private,signature,"(pos token.Pos, msg string)",ctype,pkgBuilder,line,21
v,文件名,go/ast/resolve.go,go/ast/resolve.go
v,方法,errorf,errorf
e,方法定义,go/ast/resolve.go,errorf,位置,25,ctype,pkgBuilder,line,25,access,private,signature,"(pos token.Pos, format string, args ...interface{})"
v,文件名,go/ast/resolve.go,go/ast/resolve.go
v,方法,declare,declare
e,方法定义,go/ast/resolve.go,declare,位置,29,line,29,access,private,signature,"(scope, altScope *Scope, obj *Object)",ctype,pkgBuilder
v,文件名,go/ast/resolve.go,go/ast/resolve.go
v,函数,resolve,resolve
e,函数定义,go/ast/resolve.go,resolve,位置,44,signature,"(scope *Scope, ident *Ident)",type,bool,line,44,access,private
v,文件名,go/ast/resolve.go,go/ast/resolve.go
v,函数,NewPackage,NewPackage
e,函数定义,go/ast/resolve.go,NewPackage,位置,74,access,public,signature,"(fset *token.FileSet, files map[string]*File, importer Importer, universe *Scope)",type,"*Package, error",line,74
v,文件名,go/ast/scope.go,go/ast/scope.go
v,包,ast,ast
e,包含,ast,go/ast/scope.go,位置,7,line,7
v,文件名,go/ast/scope.go,go/ast/scope.go
v,包,bytes,bytes
e,依赖,go/ast/scope.go,bytes,位置,10,line,10
v,文件名,go/ast/scope.go,go/ast/scope.go
v,包,fmt,fmt
e,依赖,go/ast/scope.go,fmt,位置,11,line,11
v,文件名,go/ast/scope.go,go/ast/scope.go
v,包,go/token,go/token
e,依赖,go/ast/scope.go,go/token,位置,12,line,12
v,文件名,go/ast/scope.go,go/ast/scope.go
v,字段,Outer,Outer
e,字段定义,go/ast/scope.go,Outer,位置,20,line,20,access,public,ctype,Scope,type,*Scope
v,文件名,go/ast/scope.go,go/ast/scope.go
v,字段,Objects,Objects
e,字段定义,go/ast/scope.go,Objects,位置,21,line,21,access,public,ctype,Scope,type,map[string]*Object
v,文件名,go/ast/scope.go,go/ast/scope.go
v,类型,Scope,Scope
e,类型定义,go/ast/scope.go,Scope,位置,19,line,19,access,public,type,struct
v,文件名,go/ast/scope.go,go/ast/scope.go
v,字段,Kind,Kind
e,字段定义,go/ast/scope.go,Kind,位置,77,line,77,access,public,ctype,Object,type,ObjKind
v,文件名,go/ast/scope.go,go/ast/scope.go
v,字段,Name,Name
e,字段定义,go/ast/scope.go,Name,位置,78,line,78,access,public,ctype,Object,type,string
v,文件名,go/ast/scope.go,go/ast/scope.go
v,字段,Decl,Decl
e,字段定义,go/ast/scope.go,Decl,位置,79,line,79,access,public,ctype,Object,type,interface{}
v,文件名,go/ast/scope.go,go/ast/scope.go
v,字段,Data,Data
e,字段定义,go/ast/scope.go,Data,位置,80,line,80,access,public,ctype,Object,type,interface{}
v,文件名,go/ast/scope.go,go/ast/scope.go
v,字段,Type,Type
e,字段定义,go/ast/scope.go,Type,位置,81,type,interface{},line,81,access,public,ctype,Object
v,文件名,go/ast/scope.go,go/ast/scope.go
v,类型,Object,Object
e,类型定义,go/ast/scope.go,Object,位置,76,line,76,access,public,type,struct
v,文件名,go/ast/scope.go,go/ast/scope.go
v,类型,ObjKind,ObjKind
e,类型定义,go/ast/scope.go,ObjKind,位置,137,type,int,line,137,access,public
v,文件名,go/ast/scope.go,go/ast/scope.go
v,常量,Bad,Bad
e,常量定义,go/ast/scope.go,Bad,位置,141,line,141,access,public,type,ObjKind
v,文件名,go/ast/scope.go,go/ast/scope.go
v,常量,Pkg,Pkg
e,常量定义,go/ast/scope.go,Pkg,位置,142,line,142,access,public
v,文件名,go/ast/scope.go,go/ast/scope.go
v,常量,Con,Con
e,常量定义,go/ast/scope.go,Con,位置,143,line,143,access,public
v,文件名,go/ast/scope.go,go/ast/scope.go
v,常量,Typ,Typ
e,常量定义,go/ast/scope.go,Typ,位置,144,line,144,access,public
v,文件名,go/ast/scope.go,go/ast/scope.go
v,常量,Var,Var
e,常量定义,go/ast/scope.go,Var,位置,145,line,145,access,public
v,文件名,go/ast/scope.go,go/ast/scope.go
v,常量,Fun,Fun
e,常量定义,go/ast/scope.go,Fun,位置,146,line,146,access,public
v,文件名,go/ast/scope.go,go/ast/scope.go
v,常量,Lbl,Lbl
e,常量定义,go/ast/scope.go,Lbl,位置,147,line,147,access,public
v,文件名,go/ast/scope.go,go/ast/scope.go
v,变量,objKindStrings,objKindStrings
e,变量定义,go/ast/scope.go,objKindStrings,位置,150,line,150,access,private
v,文件名,go/ast/scope.go,go/ast/scope.go
v,函数,NewScope,NewScope
e,函数定义,go/ast/scope.go,NewScope,位置,25,line,25,access,public,signature,(outer *Scope),type,*Scope,ctype,Scope
v,文件名,go/ast/scope.go,go/ast/scope.go
v,方法,Lookup,Lookup
e,方法定义,go/ast/scope.go,Lookup,位置,34,line,34,access,public,signature,(name string),type,*Object,ctype,Scope
v,文件名,go/ast/scope.go,go/ast/scope.go
v,方法,Insert,Insert
e,方法定义,go/ast/scope.go,Insert,位置,43,line,43,access,public,signature,(obj *Object),type,*Object,ctype,Scope
v,文件名,go/ast/scope.go,go/ast/scope.go
v,方法,String,String
e,方法定义,go/ast/scope.go,String,位置,51,access,public,signature,(),type,string,ctype,Scope,line,51
v,文件名,go/ast/scope.go,go/ast/scope.go
v,函数,NewObj,NewObj
e,函数定义,go/ast/scope.go,NewObj,位置,85,line,85,access,public,signature,"(kind ObjKind, name string)",type,*Object,ctype,Object
v,文件名,go/ast/scope.go,go/ast/scope.go
v,方法,Pos,Pos
e,方法定义,go/ast/scope.go,Pos,位置,92,signature,(),type,token.Pos,ctype,Object,line,92,access,public
v,文件名,go/ast/scope.go,go/ast/scope.go
v,方法,String,String
e,方法定义,go/ast/scope.go,String,位置,160,line,160,access,public,signature,(),type,string,ctype,ObjKind
v,文件名,go/ast/walk.go,go/ast/walk.go
v,包,ast,ast
e,包含,ast,go/ast/walk.go,位置,5,line,5
v,文件名,go/ast/walk.go,go/ast/walk.go
v,包,fmt,fmt
e,依赖,go/ast/walk.go,fmt,位置,7,line,7
v,文件名,go/ast/walk.go,go/ast/walk.go
v,方法,Visit,Visit
e,方法定义,go/ast/walk.go,Visit,位置,13,access,public,signature,(node Node),type,Visitor,ntype,Visitor,line,13
v,文件名,go/ast/walk.go,go/ast/walk.go
v,接口,Visitor,Visitor
e,接口定义,go/ast/walk.go,Visitor,位置,12,line,12,access,public,type,interface
v,文件名,go/ast/walk.go,go/ast/walk.go
v,类型,inspector,inspector
e,类型定义,go/ast/walk.go,inspector,位置,370,line,370,access,private,type,func(Node) bool
v,文件名,go/ast/walk.go,go/ast/walk.go
v,函数,walkIdentList,walkIdentList
e,函数定义,go/ast/walk.go,walkIdentList,位置,18,line,18,access,private,signature,"(v Visitor, list []*Ident)"
v,文件名,go/ast/walk.go,go/ast/walk.go
v,函数,walkExprList,walkExprList
e,函数定义,go/ast/walk.go,walkExprList,位置,24,line,24,access,private,signature,"(v Visitor, list []Expr)"
v,文件名,go/ast/walk.go,go/ast/walk.go
v,函数,walkStmtList,walkStmtList
e,函数定义,go/ast/walk.go,walkStmtList,位置,30,line,30,access,private,signature,"(v Visitor, list []Stmt)"
v,文件名,go/ast/walk.go,go/ast/walk.go
v,函数,walkDeclList,walkDeclList
e,函数定义,go/ast/walk.go,walkDeclList,位置,36,access,private,signature,"(v Visitor, list []Decl)",line,36
v,文件名,go/ast/walk.go,go/ast/walk.go
v,函数,Walk,Walk
e,函数定义,go/ast/walk.go,Walk,位置,51,signature,"(v Visitor, node Node)",line,51,access,public
v,文件名,go/ast/walk.go,go/ast/walk.go
v,方法,Visit,Visit
e,方法定义,go/ast/walk.go,Visit,位置,372,line,372,access,public,signature,(node Node),type,Visitor,ctype,inspector
v,文件名,go/ast/walk.go,go/ast/walk.go
v,函数,Inspect,Inspect
e,函数定义,go/ast/walk.go,Inspect,位置,384,line,384,access,public,signature,"(node Node, f func(Node) bool)"
